"","Id","Name","Position","Team"
"1","1096","Brunell, Mark","QB","NYJ"
"2","1214","Favre, Brett","QB","FA"
"3","1600","Floyd, Malcom","WR","SDC"
"4","1756","Collins, Kerry","QB","IND"
"5","1757","Collins, Todd","QB","FA"
"6","1795","Galloway, Joey","WR","FA"
"7","1846","Richardson, Tony","RB","FA"
"8","2705","Owens, Terrell","WR","FA*"
"9","2918","Gonzalez, Tony","TE","ATL"
"10","2938","Barber, Tiki","RB","FA"
"11","2986","Mason, Derrick","WR","FA"
"12","3196","Kitna, Jon","QB","DAL"
"13","3291","Manning, Peyton","QB","IND"
"14","3298","Taylor, Fred","RB","FA"
"15","3309","Moss, Randy","WR","FA*"
"16","3340","Batch, Charlie","QB","PIT"
"17","3353","Green, Ahman","RB","FA"
"18","3367","Ward, Hines","WR","PIT"
"19","3445","Hasselbeck, Matt","QB","TEN"
"20","3531","Bouman, Todd","QB","FA"
"21","3532","Delhomme, Jake","QB","HOU"
"22","3557","Sellers, Mike","RB","WAS"
"23","3866","McNabb, Donovan","QB","MIN"
"24","3868","James, Edgerrin","RB","FA"
"25","3869","Williams, Ricky","RB","BAL"
"26","3870","Holt, Torry","WR","FA"
"27","3875","Culpepper, Daunte","QB","FA"
"28","3906","Kelly, Reginald","TE","ATL"
"29","3908","Kleinsasser, Jim","TE","MIN"
"30","3910","Faulk, Kevin","RB","NEP"
"31","3969","Stokley, Brandon","WR","FA*"
"32","4043","Clark, Desmond","TE","FA"
"33","4077","Driver, Donald","WR","GBP"
"34","4103","Greisen, Chris","QB","DAL"
"35","4796","Leach, Mike","TE","ARI"
"36","4891","Vick, Michael","QB","PHI"
"37","4895","Tomlinson, LaDainian","RB","NYJ"
"38","4907","Moss, Santana","WR","WAS"
"39","4920","Bennett, Michael","RB","FA"
"40","4923","Wayne, Reggie","WR","IND"
"41","4924","Heap, Todd","TE","ARI"
"42","4925","Brees, Drew","QB","NOS"
"43","4928","Crumpler, Alge","TE","FA"
"44","4929","Ochocinco, Chad","WR","NEP"
"45","4946","Chambers, Chris","WR","FA"
"46","4974","Smith, Steve","WR","CAR"
"47","4984","Evans, Heath","RB","FA"
"48","5014","Rosenfels, Sage","QB","MIN"
"49","5020","Norris, Moran","RB","SFO"
"50","5027","Buckhalter, Correll","RB","FA"
"51","5036","Manumaleuna, Brandon","TE","FA"
"52","5065","Feeley, A.J.","QB","STL"
"53","5109","Martin, David","TE","FA"
"54","5116","Houshmandzadeh, T.J.","WR","OAK"
"55","5172","Rhodes, Dominic","RB","FA"
"56","5429","Garcia, Jeff","QB","HOU"
"57","5482","Warner, Kurt","QB","FA"
"58","5522","Finneran, Brian","WR","FA"
"59","5549","Zelenka, Joe","TE","ATL"
"60","5620","Volek, Billy","QB","SDC"
"61","5654","Lewis, Jamal","RB","FA"
"62","5656","Jones, Thomas","RB","KCC"
"63","5657","Burress, Plaxico","WR","NYJ"
"64","5667","Pennington, Chad","QB","FA"
"65","5676","Becht, Anthony","TE","KCC"
"66","5724","Redman, Chris","QB","ATL"
"67","5727","Coles, Laveranues","WR","FA"
"68","5805","Morris, Sammy","RB","DAL"
"69","5817","Bulger, Marc","QB","FA"
"70","5848","Brady, Tom","QB","NEP"
"71","5879","Jennings, Brian","TE","SFO"
"72","5950","Snow, Justin","TE","IND"
"73","6509","Carr, David","QB","NYG"
"74","6521","Stallworth, Donte'","WR","WAS"
"75","6522","Shockey, Jeremy","TE","CAR"
"76","6528","Walker, Javon","WR","FA"
"77","6529","Graham, Daniel","TE","TEN"
"78","6536","Stevens, Jerramy","TE","FA"
"79","6540","Ramsey, Patrick","QB","FA"
"80","6541","Gaffney, Jabar","WR","WAS"
"81","6555","Davis, Andre'","WR","FA"
"82","6559","Portis, Clinton","RB","FA"
"83","6562","Morris, Maurice","RB","DET"
"84","6564","Betts, Ladell","RB","FA"
"85","6570","Randle El, Antwaan","WR","FA"
"86","6571","Bryant, Antonio","WR","FA"
"87","6573","Branch, Deion","WR","NEP"
"88","6589","McCown, Josh","QB","CHI"
"89","6596","Baker, Chris","TE","FA"
"90","6599","Westbrook, Brian","RB","FA"
"91","6611","Peelle, Justin","TE","SFO"
"92","6616","Garrard, David","QB","FA"
"93","6622","McMichael, Randy","TE","SDC"
"94","6668","Royal, Robert","TE","FA"
"95","6694","O'Sullivan, J.T.","QB","FA"
"96","6704","Gilmore, John","TE","NOS"
"97","6715","Taylor, Chester","RB","ARI"
"98","6751","Massey, Chris","RB","CHI"
"99","6765","Cartwright, Rock","RB","OAK"
"100","6929","Palmer, Carson","QB","OAK"
"101","6931","Johnson, Andre","WR","HOU"
"102","6935","Leftwich, Byron","QB","PIT"
"103","6945","Johnson, Bryant","WR","HOU"
"104","6947","Boller, Kyle","QB","OAK"
"105","6950","Grossman, Rex","QB","WAS"
"106","6951","McGahee, Willis","RB","DEN"
"107","6952","Clark, Dallas","TE","IND"
"108","6955","Johnson, Larry","RB","FA"
"109","6982","Boldin, Anquan","WR","BAL"
"110","6989","Smith, L.J.","TE","FA"
"111","6993","Washington, Kelley","WR","FA"
"112","6997","Witten, Jason","TE","DAL"
"113","6999","Burleson, Nate","WR","DET"
"114","7002","Curtis, Kevin","WR","TEN"
"115","7019","Shiancoe, Visanthe","TE","MIN"
"116","7024","Fargas, Justin","RB","FA"
"117","7025","Simms, Chris","QB","FA"
"118","7038","Wallace, Seneca","QB","CLE"
"119","7052","Lloyd, Brandon","WR","STL"
"120","7055","Aiken, Sam","WR","FA"
"121","7062","Mughelli, Ovie","RB","ATL"
"122","7067","Wade, Bobby","WR","FA"
"123","7071","Gage, Justin","WR","FA"
"124","7084","Lee, Donald","TE","CIN"
"125","7091","St. Pierre, Brian","QB","FA"
"126","7125","Battle, Arnaz","WR","PIT"
"127","7183","Walter, Kevin","WR","HOU"
"128","7194","Hill, Shaun","QB","DET"
"129","7236","Gates, Antonio","TE","SDC"
"130","7239","Osgood, Kassim","WR","JAC"
"131","7260","Romo, Tony","QB","DAL"
"132","7279","Lewis, Greg","WR","FA"
"133","7291","Heller, Will","TE","DET"
"134","7383","Urban, Jerheme","WR","KCC"
"135","7391","Manning, Eli","QB","NYG"
"136","7393","Fitzgerald, Larry","WR","ARI"
"137","7394","Rivers, Philip","QB","SDC"
"138","7396","Winslow, Kellen","TE","TBB"
"139","7397","Williams, Roy","WR","CHI"
"140","7401","Roethlisberger, Ben","QB","PIT"
"141","7403","Evans, Lee","WR","BAL"
"142","7405","Clayton, Michael","WR","NYG"
"143","7412","Losman, J.P.","QB","MIA"
"144","7414","Jackson, Steven","RB","STL"
"145","7419","Jenkins, Michael","WR","MIN"
"146","7420","Jones, Kevin","RB","FA"
"147","7422","Watson, Ben","TE","CLE"
"148","7433","Jones, Julius","RB","FA"
"149","7440","Henderson, Devery","WR","NOS"
"150","7445","Jones, Greg","RB","JAC"
"151","7451","Wilson, Kris","TE","BAL"
"152","7452","Colbert, Keary","WR","FA"
"153","7458","Hartsock, Ben","TE","CAR"
"154","7468","Berrian, Bernard","WR","FA"
"155","7471","Cooley, Chris","TE","WAS"
"156","7480","Schaub, Matt","QB","HOU"
"157","7496","McCown, Luke","QB","JAC"
"158","7498","Cotchery, Jerricho","WR","PIT"
"159","7509","Moore, Mewelde","RB","PIT"
"160","7510","Wilford, Ernest","TE","FA"
"161","7544","Turner, Michael","RB","ATL"
"162","7546","Karney, Mike","RB","FA"
"163","7583","Sorgi, Jim","QB","FA"
"164","7606","Crayton, Patrick","WR","SDC"
"165","7610","Dugan, Jeff","RB","FA"
"166","7625","Ward, Derrick","RB","HOU"
"167","7647","Parker, Willie","RB","FA"
"168","7653","Welker, Wes","WR","NEP"
"169","7740","Graham, Earnest","RB","TBB"
"170","7742","Copper, Terrance","WR","KCC"
"171","7777","Leach, Vonta","RB","BAL"
"172","7787","Wright, Jason","RB","FA"
"173","7796","Polite, Lousaka","RB","NEP"
"174","7813","Smith, Alex","QB","SFO"
"175","7814","Brown, Ronnie","RB","PHI"
"176","7815","Edwards, Braylon","WR","FA"
"177","7816","Benson, Cedric","RB","CIN"
"178","7817","Williams, Carnell","RB","STL"
"179","7819","Williamson, Troy","WR","FA"
"180","7822","Williams, Mike","WR","SEA"
"181","7833","Jones, Matt","WR","FA"
"182","7834","Clayton, Mark","WR","STL"
"183","7836","Rodgers, Aaron","QB","GBP"
"184","7837","Campbell, Jason","QB","OAK"
"185","7839","White, Roddy","WR","ATL"
"186","7842","Miller, Heath","TE","PIT"
"187","7847","Brown, Reggie","WR","FA"
"188","7856","Arrington, J.J.","RB","FA"
"189","7867","Parrish, Roscoe","WR","BUF"
"190","7873","Jackson, Vincent","WR","SDC"
"191","7877","Gore, Frank","RB","SFO"
"192","7880","Roby, Courtney","WR","NOS"
"193","7883","Smith, Alex","TE","CLE"
"194","7889","Moats, Ryan","RB","FA"
"195","7918","Orton, Kyle","QB","KCC"
"196","7921","Barber, Marion","RB","CHI"
"197","7922","Jacobs, Brandon","RB","NYG"
"198","7942","Sproles, Darren","RB","NOS"
"199","7948","Williams, Roydell","WR","FA"
"200","7957","Orlovsky, Dan","QB","IND"
"201","7991","Scaife, Bo","TE","CIN"
"202","8010","Dreessen, Joel","TE","HOU"
"203","8025","Anderson, Derek","QB","CAR"
"204","8034","Broughton, Nehemiah","RB","FA"
"205","8042","Cassel, Matt","QB","KCC"
"206","8061","Bajema, Billy","TE","STL"
"207","8062","Fitzpatrick, Ryan","QB","BUF"
"208","8063","Hedgecock, Madison","RB","FA"
"209","8072","Cribbs, Josh","WR","CLE"
"210","8076","Weaver, Leonard","RB","FA"
"211","8081","Spach, Stephen","TE","STL"
"212","8107","Davis, Rashied","WR","DET"
"213","8117","Washington, Nate","WR","TEN"
"214","8139","McIntyre, Corey","RB","BUF"
"215","8178","Moore, Lance","WR","NOS"
"216","8227","Humphrey, Tory","TE","NOS"
"217","8243","Bush, Reggie","RB","MIA"
"218","8244","Young, Vince","QB","PHI"
"219","8247","Davis, Vernon","TE","SFO"
"220","8251","Leinart, Matt","QB","HOU"
"221","8252","Cutler, Jay","QB","CHI"
"222","8262","Maroney, Laurence","RB","FA"
"223","8266","Holmes, Santonio","WR","NYJ"
"224","8268","Williams, DeAngelo","RB","CAR"
"225","8269","Lewis, Marcedes","TE","JAC"
"226","8271","Addai, Joseph","RB","IND"
"227","8277","Jackson, Chad","WR","FA"
"228","8285","Moss, Sinorice","WR","FA"
"229","8286","White, LenDale","RB","FA"
"230","8290","Clemens, Kellen","QB","STL"
"231","8293","Jennings, Greg","WR","GBP"
"232","8294","Fasano, Anthony","TE","MIA"
"233","8298","Hester, Devin","WR","CHI"
"234","8301","Jones-Drew, Maurice","RB","JAC"
"235","8302","Scheffler, Tony","TE","DET"
"236","8305","Jackson, Tarvaris","QB","SEA"
"237","8313","Pope, Leonard","TE","KCC"
"238","8320","Norwood, Jerious","RB","STL"
"239","8322","Whitehurst, Charlie","QB","SEA"
"240","8323","Hagan, Derek","WR","BUF"
"241","8326","Croyle, Brodie","QB","FA"
"242","8327","Thomas, Dave","TE","NOS"
"243","8331","Stovall, Maurice","WR","DET"
"244","8334","Byrd, Dominique","TE","FA"
"245","8339","Daniels, Owen","TE","HOU"
"246","8341","Robinson, Michael","RB","SEA"
"247","8344","Smith, Brad","WR","BUF"
"248","8347","Mills, Garrett","TE","FA"
"249","8350","Avant, Jason","WR","PHI"
"250","8352","Williams, Demetrius","WR","FA"
"251","8358","Washington, Leon","RB","SEA"
"252","8360","Marshall, Brandon","WR","MIA"
"253","8371","Hixon, Domenik","WR","NYG"
"254","8386","Harrison, Jerome","RB","DET"
"255","8396","King, Jeff","TE","ARI"
"256","8416","Walker, Delanie","TE","SFO"
"257","8421","Vickers, Lawrence","RB","HOU"
"258","8435","Gradkowski, Bruce","QB","CIN"
"259","8459","Watkins, Todd","WR","FA"
"260","8474","Aromashodu, Devin","WR","MIN"
"261","8487","Ganther, Quinton","RB","FA"
"262","8490","Obomanu, Ben","WR","SEA"
"263","8492","Anderson, David","WR","WAS"
"264","8493","Colston, Marques","WR","NOS"
"265","8498","Bell, Mike","RB","FA"
"266","8499","Baskett, Hank","WR","FA"
"267","8500","Hurd, Sam","WR","FA"
"268","8502","Cobbs, Patrick","RB","FA"
"269","8510","Austin, Miles","WR","DAL"
"270","8517","Martin, Ruvell","WR","BUF"
"271","8532","Fells, Daniel","TE","DEN"
"272","8549","Owens, Montell","RB","JAC"
"273","8559","Camarillo, Greg","WR","MIN"
"274","8561","Hall, Ahmard","RB","TEN"
"275","8586","Clark, Brian","WR","FA"
"276","8590","Kuhn, John","RB","GBP"
"277","8608","Tahi, Naufahu","RB","MIN"
"278","8612","Wright, Wallace","WR","FA"
"279","8635","Johnson, Darcy","TE","FA"
"280","8641","Spurlock, Micheal","WR","TBB"
"281","8656","Russell, JaMarcus","QB","FA"
"282","8657","Johnson, Calvin","WR","DET"
"283","8658","Peterson, Adrian","RB","MIN"
"284","8659","Quinn, Brady","QB","DEN"
"285","8667","Bowe, Dwayne","WR","KCC"
"286","8670","Lynch, Marshawn","RB","SEA"
"287","8671","Jarrett, Dwayne","WR","FA"
"288","8673","Ginn Jr., Ted","WR","SFO"
"289","8679","Rice, Sidney","WR","SEA"
"290","8680","Meachem, Robert","WR","NOS"
"291","8683","Miller, Zach","TE","SEA"
"292","8685","Bush, Michael","RB","OAK"
"293","8687","Olsen, Greg","TE","CAR"
"294","8695","Davis, Buster","WR","BUF"
"295","8700","Gonzalez, Anthony","WR","IND"
"296","8702","Smith, Steve","WR","PHI"
"297","8706","Higgins, Johnnie Lee","WR","FA"
"298","8707","Edwards, Trent","QB","FA"
"299","8708","Smith, Troy","QB","PIT"
"300","8709","Leonard, Brian","RB","CIN"
"301","8711","Pittman, Antonio","RB","FA"
"302","8712","Stanton, Drew","QB","DET"
"303","8723","Booker, Lorenzo","RB","MIN"
"304","8725","Stuckey, Chansi","WR","ARI"
"305","8727","Clowney, David","WR","BUF"
"306","8735","Chandler, Scott","TE","BUF"
"307","8736","Spaeth, Matt","TE","CHI"
"308","8758","Kolb, Kevin","QB","ARI"
"309","8760","Beck, John","QB","WAS"
"310","8763","Henry, Chris","RB","FA"
"311","8767","Jackson, Brandon","RB","CLE"
"312","8772","Jones, Jacoby","WR","HOU"
"313","8773","Figurs, Yamon","WR","FA"
"314","8774","Robinson, Laurent","WR","DAL"
"315","8775","Hill, Jason","WR","FA"
"316","8776","Jones, James","WR","GBP"
"317","8777","Sims-Walker, Mike","WR","JAC"
"318","8782","Wolfe, Garrett","RB","FA"
"319","8817","McClain, Le'Ron","RB","KCC"
"320","8822","Breaston, Steve","WR","KCC"
"321","8827","Smith, Kolby","RB","FA"
"322","8830","Boss, Kevin","TE","OAK"
"323","8832","Rosario, Dante","TE","DEN"
"324","8838","Celek, Brent","TE","PHI"
"325","8847","Naanee, Legedu","WR","CAR"
"326","8853","Maui'a, Reagan","RB","FA"
"327","8858","Clayton, Thomas","RB","FA"
"328","8863","Hall, Korey","RB","NOS"
"329","8865","Anderson, Deon","RB","FA"
"330","8875","Palmer, Jordan","QB","FA"
"331","8885","Patrick, Ben","TE","FA"
"332","8887","Thigpen, Tyler","QB","BUF"
"333","8892","Schouman, Derek","TE","FA"
"334","8897","Wynn, DeShawn","RB","FA"
"335","8910","Harris, Clark","TE","CIN"
"336","8911","Snelling, Jason","RB","ATL"
"337","8913","Darby, Kenneth","RB","FA"
"338","8917","Bradshaw, Ahmad","RB","NYG"
"339","8931","Thomas, Pierre","RB","NOS"
"340","8932","Grant, Ryan","RB","GBP"
"341","8934","Jackson, Fred","RB","BUF"
"342","8939","Coats, Daniel","TE","FA"
"343","8944","Moore, Matt","QB","MIA"
"344","8950","Palko, Tyler","QB","KCC"
"345","8964","Castille, Tim","RB","FA"
"346","8967","Ali, Charles","RB","FA"
"347","9005","Willis, Matt","WR","DEN"
"348","9015","Ware, Danny","RB","NYG"
"349","9017","Battle, Jackie","RB","KCC"
"350","9040","Avery, Donnie","WR","TEN"
"351","9044","Bennett, Martellus","TE","DAL"
"352","9048","Brohm, Brian","QB","FA"
"353","9050","Caldwell, Andre","WR","CIN"
"354","9052","Carlson, John","TE","SEA"
"355","9054","Charles, Jamaal","RB","KCC"
"356","9058","Davis, Fred","TE","WAS"
"357","9061","Doucet, Early","WR","ARI"
"358","9064","Flacco, Joe","QB","BAL"
"359","9069","Hardy, James","WR","FA"
"360","9073","Henne, Chad","QB","MIA"
"361","9075","Jackson, DeSean","WR","PHI"
"362","9078","Johnson, Chris","RB","TEN"
"363","9079","Jones, Felix","RB","DAL"
"364","9080","Keller, Dustin","TE","NYJ"
"365","9081","Kelly, Malcolm","WR","FA"
"366","9085","Manningham, Mario","WR","NYG"
"367","9087","McFadden, Darren","RB","OAK"
"368","9089","Mendenhall, Rashard","RB","PIT"
"369","9094","Rice, Ray","RB","BAL"
"370","9098","Rucker, Martin","TE","JAC"
"371","9099","Ryan, Matt","QB","ATL"
"372","9101","Stewart, Jonathan","RB","CAR"
"373","9102","Sweed, Limas","WR","FA"
"374","9116","Thomas, Devin","WR","NYG"
"375","9118","Nelson, Jordy","WR","GBP"
"376","9120","Royal, Eddie","WR","DEN"
"377","9122","Forte, Matt","RB","CHI"
"378","9124","Simpson, Jerome","WR","CIN"
"379","9132","Smith, Kevin","RB","DET"
"380","9136","Hester, Jacob","RB","SDC"
"381","9137","Bennett, Earl","WR","CHI"
"382","9138","Cottam, Brad","TE","FA"
"383","9144","Douglas, Harry","WR","ATL"
"384","9145","Stevens, Craig","TE","TEN"
"385","9149","Slaton, Steve","RB","MIA"
"386","9150","Finley, Jermichael","TE","GBP"
"387","9151","O'Connell, Kevin","QB","NYJ"
"388","9158","Smith, Marcus","WR","FA"
"389","9171","Choice, Tashard","RB","BUF"
"390","9175","Hawkins, Lavelle","WR","TEN"
"391","9176","Tamme, Jacob","TE","IND"
"392","9177","Burton, Keenan","WR","FA"
"393","9185","Moore, Kenneth","WR","FA"
"394","9187","Torain, Ryan","RB","FA"
"395","9189","Barnidge, Gary","TE","CAR"
"396","9193","Felton, Jerome","RB","IND"
"397","9196","Hightower, Tim","RB","WAS"
"398","9200","Slater, Matt","WR","NEP"
"399","9203","Dixon, Dennis","QB","PIT"
"400","9205","Davis, Kellen","TE","CHI"
"401","9207","Johnson, Josh","QB","TBB"
"402","9209","Ainge, Erik","QB","FA"
"403","9210","Schmitt, Owen","RB","PHI"
"404","9221","Morgan, Josh","WR","SFO"
"405","9223","Parmele, Jalen","RB","FA"
"406","9226","Omon, Xavier","RB","FA"
"407","9230","Larsen, Spencer","RB","DEN"
"408","9237","Hubbard, Paul","WR","FA"
"409","9239","Johnson, Jaymar","WR","ARI"
"410","9242","Santi, Tom","TE","FA"
"411","9247","Hart, Mike","RB","FA"
"412","9249","Hilliard, Lex","RB","MIA"
"413","9250","Garcon, Pierre","WR","IND"
"414","9254","Flynn, Matt","QB","GBP"
"415","9258","Washington, Chauncey","RB","DAL"
"416","9260","Harper, Justin","WR","FA"
"417","9262","Swain, Brett","WR","SFO"
"418","9269","Johnson, Steve","WR","BUF"
"419","9271","Schilens, Chaz","WR","OAK"
"420","9272","Hillis, Peyton","RB","CLE"
"421","9278","Forsett, Justin","RB","SEA"
"422","9282","Arrington, Adrian","WR","NOS"
"423","9300","Payne, Logan","WR","NYJ"
"424","9301","Bess, Davone","WR","MIA"
"425","9303","Ratliff, Brett","QB","TBB"
"426","9308","Amendola, Danny","WR","STL"
"427","9309","Hanie, Caleb","QB","CHI"
"428","9311","Lumpkin, Kregg","RB","TBB"
"429","9312","Robinson, Gijon","TE","DET"
"430","9313","Cox, Mike","RB","ATL"
"431","9315","Tolbert, Mike","RB","SDC"
"432","9347","Green-Ellis, BenJarvus","RB","NEP"
"433","9352","Simpson, Chad","RB","FA"
"434","9356","Smith, Clifton","RB","FA"
"435","9369","Zeigler, Dominique","WR","FA"
"436","9383","Weems, Eric","WR","ATL"
"437","9389","Reynaud, Darius","WR","TEN"
"438","9396","Collins, Jed","RB","NOS"
"439","9397","Stupar, Jonathan","TE","FA"
"440","9405","Havner, Spencer","TE","FA"
"441","9415","Rankin, Louis","RB","FA"
"442","9418","Ball, Lance","RB","DEN"
"443","9427","Crabtree, Michael","WR","SFO"
"444","9429","Sanchez, Mark","QB","NYJ"
"445","9431","Stafford, Matthew","QB","DET"
"446","9436","Maclin, Jeremy","WR","PHI"
"447","9437","Moreno, Knowshon","RB","DEN"
"448","9440","Wells, Beanie","RB","ARI"
"449","9441","Harvin, Percy","WR","MIN"
"450","9444","Pettigrew, Brandon","TE","DET"
"451","9448","McCoy, LeSean","RB","PHI"
"452","9450","Nicks, Hakeem","WR","NYG"
"453","9452","Heyward-Bey, Darrius","WR","OAK"
"454","9454","Coffman, Chase","TE","FA"
"455","9456","Brown, Donald","RB","IND"
"456","9458","Greene, Shonn","RB","NYJ"
"457","9459","Davis, Nate","QB","FA"
"458","9460","Freeman, Josh","QB","TBB"
"459","9467","Britt, Kenny","WR","TEN"
"460","9468","Davis, James","RB","FA"
"461","9472","Bomar, Rhett","QB","OAK"
"462","9474","Cook, Jared","TE","TEN"
"463","9477","Beckum, Travis","TE","NYG"
"464","9480","Casey, James","TE","HOU"
"465","9489","Robiskie, Brian","WR","JAC"
"466","9493","White, Pat","QB","FA"
"467","9498","Massaquoi, Mohamed","WR","CLE"
"468","9507","Quinn, Richard","TE","WAS"
"469","9523","Williams, Derrick","WR","PIT"
"470","9524","Tate, Brandon","WR","CIN"
"471","9525","Wallace, Mike","WR","PIT"
"472","9526","Barden, Ramses","WR","NYG"
"473","9528","Turner, Patrick","WR","NYJ"
"474","9531","Butler, Deon","WR","SEA"
"475","9537","Iglesias, Juaquin","WR","HOU"
"476","9538","McGee, Stephen","QB","DAL"
"477","9544","Thomas, Mike","WR","JAC"
"478","9545","Hartline, Brian","WR","MIA"
"479","9548","Goodson, Mike","RB","CAR"
"480","9557","Nelson, Shawn","TE","FA"
"481","9558","Hill, Anthony","TE","IND"
"482","9560","Murphy, Louis","WR","OAK"
"483","9563","Collie, Austin","WR","IND"
"484","9564","Fiammetta, Tony","RB","DAL"
"485","9565","Brown, Andre","RB","FA"
"486","9570","Johnson, Gartrell","RB","FA"
"487","9575","Knox, Johnny","WR","CHI"
"488","9579","Dillard, Jarett","WR","JAC"
"489","9580","Johnson, Quinn","RB","TEN"
"490","9584","Drew, Davon","TE","BAL"
"491","9586","Ingram, Cornelius","TE","FA"
"492","9592","Foster, Brooks","WR","FA"
"493","9593","Nalbone, John","TE","SEA"
"494","9601","Summers, Frank","RB","FA"
"495","9604","Ringer, Javon","RB","TEN"
"496","9605","Brandstater, Tom","QB","STL"
"497","9606","Lawrence, Quinten","WR","FA"
"498","9609","Teel, Mike","QB","FA"
"499","9611","Miller, Zach","TE","JAC"
"500","9615","Pascoe, Bear","TE","NYG"
"501","9616","Peerman, Cedric","RB","CIN"
"502","9623","Brown, Aaron","RB","FA"
"503","9625","Gibson, Brandon","WR","STL"
"504","9626","Null, Keith","QB","FA"
"505","9628","Ingram, Jake","TE","TEN"
"506","9631","Painter, Curtis","QB","IND"
"507","9632","Myers, Brandon","TE","OAK"
"508","9636","Edison, Dominique","WR","FA"
"509","9638","Phillips, John","TE","DAL"
"510","9639","Scott, Bernard","RB","CIN"
"511","9641","Ogbonnaya, Chris","RB","CLE"
"512","9642","Williams, Javarris","RB","HOU"
"513","9651","Williams, Eddie","RB","CLE"
"514","9659","Johnson, Manuel","WR","FA"
"515","9662","Edelman, Julian","WR","NEP"
"516","9663","Stroughter, Sammie","WR","TBB"
"517","9667","O'Connell, Jake","TE","KCC"
"518","9670","Stephens-Howling, LaRod","RB","ARI"
"519","9671","Johnson, David","TE","PIT"
"520","9678","Morrah, Cameron","TE","SEA"
"521","9680","Jennings, Rashad","RB","JAC"
"522","9682","Brown, Freddie","WR","FA"
"523","9683","Underwood, Tiquan","WR","NEP"
"524","9685","Gronkowski, Dan","TE","CLE"
"525","9687","Sheets, Kory","RB","FA"
"526","9688","Moore, Devin","RB","FA"
"527","9689","Johnson, Jeremiah","RB","DEN"
"528","9690","Foster, Arian","RB","HOU"
"529","9691","Hill, P.J.","RB","FA"
"530","9693","Woodhead, Danny","RB","NEP"
"531","9697","Armstrong, Anthony","WR","WAS"
"532","9700","Ogletree, Kevin","WR","DAL"
"533","9701","Cosby, Quan","WR","IND"
"534","9703","Hamilton, Lynell","RB","FA"
"535","9705","Redman, Isaac","RB","PIT"
"536","9706","Daniel, Chase","QB","NOS"
"537","9708","Sutton, Tyrell","RB","SEA"
"538","9710","Logan, Stefan","RB","DET"
"539","9711","Young, Albert","RB","FA"
"540","9713","Long, Lance","WR","FA"
"541","9714","Hoyer, Brian","QB","NEP"
"542","9716","Buckley, Eldra","RB","FA"
"543","9718","Ajirotutu, Seyi","WR","CAR"
"544","9719","Mulligan, Matthew","TE","NYJ"
"545","9720","Wilson, John Parker","QB","ATL"
"546","9722","Harper, Rod","WR","FA"
"547","9724","Miller, Nick","WR","STL"
"548","9751","Jennings, Chris","RB","FA"
"549","9755","Pressley, Chris","RB","CIN"
"550","9759","Sperry, Kory","TE","SDC"
"551","9764","Martin, Charly","WR","FA"
"552","9770","Bell, Kahlil","RB","CHI"
"553","9780","Carpenter, Rudy","QB","TBB"
"554","9782","Bartel, Richard","QB","ARI"
"555","9783","Norwood, Jordan","WR","CLE"
"556","9784","Miller, Britt","RB","STL"
"557","9785","Bergeron, Troy","WR","FA"
"558","9787","Moore, Evan","TE","CLE"
"559","9794","Huggins, Kareem","RB","TBB"
"560","9796","Williams, Patrick","WR","BAL"
"561","9797","Bolen, Brock","RB","JAC"
"562","9802","Reece, Marcel","RB","OAK"
"563","9805","Potter, Zach","TE","JAC"
"564","9806","Giguere, Sam","WR","FA"
"565","9807","Cloherty, Colin","TE","JAC"
"566","9808","Cantwell, Hunter","QB","FA"
"567","9814","Mallet, Martell","RB","FA"
"568","9817","Bradford, Sam","QB","STL"
"569","9818","Clausen, Jimmy","QB","CAR"
"570","9822","Spiller, C.J.","RB","BUF"
"571","9823","Bryant, Dez","WR","DAL"
"572","9830","Hernandez, Aaron","TE","NEP"
"573","9831","Tate, Golden","WR","SEA"
"574","9834","Dwyer, Jonathan","RB","PIT"
"575","9838","Gresham, Jermaine","TE","CIN"
"576","9839","Best, Jahvid","RB","DET"
"577","9843","LaFell, Brandon","WR","CAR"
"578","9845","Gilyard, Mardy","WR","PHI"
"579","9851","Mathews, Ryan","RB","SDC"
"580","9854","Williams, Damian","WR","TEN"
"581","9856","McCluster, Dexter","RB","KCC"
"582","9859","Benn, Arrelious","WR","TBB"
"583","9862","Tebow, Tim","QB","DEN"
"584","9865","Williams, Jeremy","WR","FA"
"585","9870","LeFevour, Dan","QB","JAC"
"586","9873","Pike, Tony","QB","FA"
"587","9874","Ford, Jacoby","WR","OAK"
"588","9878","Hodge, Shay","WR","FA"
"589","9880","Gerhart, Toby","RB","MIN"
"590","9881","Decker, Eric","WR","DEN"
"591","9883","Brown, Jarrett","QB","FA"
"592","9884","Thomas, Demaryius","WR","DEN"
"593","9889","Mitchell, Carlton","WR","CLE"
"594","9892","McKnight, Joe","RB","NYJ"
"595","9896","Briscoe, Dezmon","WR","TBB"
"596","9898","Blount, LeGarrette","RB","TBB"
"597","9899","McCoy, Colt","QB","CLE"
"598","9900","Shipley, Jordan","WR","CIN"
"599","9902","Gronkowski, Rob","TE","NEP"
"600","9907","Tate, Ben","RB","HOU"
"601","9908","Hardesty, Montario","RB","CLE"
"602","9912","Dickson, Ed","TE","BAL"
"603","9918","Sanders, Emmanuel","WR","PIT"
"604","9921","Roberts, Andre","WR","ARI"
"605","9922","Edwards, Armanti","WR","CAR"
"606","9923","Price, Taylor","WR","JAC"
"607","9924","Moeaki, Tony","TE","KCC"
"608","9925","Graham, Jimmy","TE","NOS"
"609","9927","Williams, Mike","WR","TBB"
"610","9931","Easley, Marcus","WR","BUF"
"611","9933","Pitta, Dennis","TE","BAL"
"612","9936","Graham, Garrett","TE","HOU"
"613","9939","Kafka, Mike","QB","PHI"
"614","9941","Harbor, Clay","TE","PHI"
"615","9946","Hoomanawanui, Michael","TE","STL"
"616","9950","Conner, John","RB","NYJ"
"617","9960","Quarless, Andrew","TE","GBP"
"618","9961","Skelton, John","QB","ARI"
"619","9962","Reed, David","WR","BAL"
"620","9964","Cooper, Riley","WR","PHI"
"621","9965","Eldridge, Brody","TE","IND"
"622","9968","Meier, Kerry","WR","ATL"
"623","9971","Crompton, Jonathan","QB","WAS"
"624","9972","Onobun, Fendi","TE","BUF"
"625","9975","Dixon, Anthony","RB","SFO"
"626","9977","Smith, Rusty","QB","TEN"
"627","9979","Karim, Deji","RB","JAC"
"628","9980","Byham, Nate","TE","SFO"
"629","9982","McCoy, Anthony","TE","SEA"
"630","9987","Starks, James","RB","GBP"
"631","9988","Brown, Antonio","WR","PIT"
"632","9990","Holliday, Trindon","WR","HOU"
"633","9991","Gettis, David","WR","CAR"
"634","9992","Webb, Joe","QB","MIN"
"635","9993","Scott, Charles","RB","FA"
"636","9997","Williams, Kyle","WR","SFO"
"637","9999","Brown, Levi","QB","FA"
"638","10003","Shuler, Mickey","TE","MIN"
"639","10006","Austin, Terrence","WR","WAS"
"640","10009","Mariani, Marc","WR","TEN"
"641","10012","Dickerson, Dorin","WR","FA"
"642","10015","Dray, Jim","TE","ARI"
"643","10017","Epps, Dedrick","TE","NYJ"
"644","10019","D'Imperio, Ryan","RB","MIN"
"645","10021","Canfield, Sean","QB","NOS"
"646","10032","Robinson, Zac","QB","CIN"
"647","10037","Toone, Tim","WR","FA"
"648","10038","Branson, Marquez","TE","FA"
"649","10039","McNeal, Shawnbrey","RB","FA"
"650","10041","Johnson, Stafon","RB","FA"
"651","10042","White, Blair","WR","IND"
"652","10044","Perrilloux, Ryan","QB","FA"
"653","10048","Bell, Joique","RB","DET"
"654","10049","Jones, Onrea","WR","FA"
"655","10051","Steele, Curtis","RB","FA"
"656","10054","Donaldson, Herb","RB","TEN"
"657","10058","Miller, Lonyae","RB","OAK"
"658","10059","Holley, Jesse","WR","DAL"
"659","10061","Hall, Chad","WR","PHI"
"660","10062","Toston, Keith","RB","FA"
"661","10064","Harrell, Graham","QB","GBP"
"662","10065","Nance, Dimitri","RB","ATL"
"663","10066","Williams, Keiland","RB","DET"
"664","10067","Smith, Antone","RB","ATL"
"665","10069","Unga, Harvey","RB","FA"
"666","10071","Brinkley, Curtis","RB","SDC"
"667","10072","Nelson, David","WR","BUF"
"668","10075","Williams, Stephen","WR","ARI"
"669","10076","Porter, Quinn","RB","STL"
"670","10077","Ivory, Christopher","RB","NOS"
"671","10078","James, Brandon","WR","FA"
"672","10080","Cruz, Victor","WR","NYG"
"673","10082","Alexander, Danario","WR","STL"
"674","10083","Horne, Jeremy","WR","KCC"
"675","10085","Hall, Max","QB","ARI"
"676","10088","Moore, Marlon","WR","MIA"
"677","10089","Wallace, Roberto","WR","MIA"
"678","10091","McLaughlin, Mike","RB","FA"
"679","10092","Tronzo, Joe","RB","FA"
"680","10093","Gronkowski, Chris","RB","IND"
"681","10094","Komar, Max","WR","CHI"
"682","10096","Banks, Brandon","WR","WAS"
"683","10097","Lewis, Thaddeus","QB","CLE"
"684","10098","Jones, Donald","WR","BUF"
"685","10101","Johnson, Jerome","RB","FA"
"686","10102","Crabtree, Tom","TE","GBP"
"687","10107","Calhoun, Duke","WR","FA"
"688","10109","Parker, Preston","WR","TBB"
"689","10110","Young, Darrel","RB","WAS"
"690","10113","Palmer, Michael","TE","ATL"
"691","10123","Paulsen, Logan","TE","WAS"
"692","10139","Cumberland, Jeff","TE","NYJ"
"693","10142","Curry, Dominique","WR","STL"
"694","10154","Mastrud, Jeron","TE","MIA"
"695","10161","Anderson, Andre","RB","FA"
"696","10164","James, Javarris","RB","FA"
"697","10170","Goodman, Richard","WR","SDC"
"698","10179","Tucker, Verran","WR","FA"
"699","10184","Purvis, Ryan","TE","FA"
"700","10196","Vaughan, Josh","RB","CAR"
"701","10200","Brooks, Chris","WR","FA"
"702","10203","Smith, Alfonso","RB","ARI"
"703","10205","Ballard, Jake","TE","NYG"
"704","10212","Roosevelt, Naaman","WR","BUF"
"705","10215","Smith, Taj","WR","FA"
"706","10227","Davis, Britt","WR","FA"
"707","10230","Townsel, Derrick","WR","FA"
"708","10233","Williams, Teddy","WR","DAL"
"709","10256","Fantuz, Andy","WR","FA"
"710","10261","Green, A.J.","WR","CIN"
"711","10262","Gabbert, Blaine","QB","JAC"
"712","10268","Mallett, Ryan","QB","NEP"
"713","10271","Jones, Julio","WR","ATL"
"714","10273","Newton, Cam","QB","CAR"
"715","10276","Ingram, Mark","RB","NOS"
"716","10279","Locker, Jake","QB","TEN"
"717","10281","Leshoure, Mikel","RB","DET"
"718","10286","Baldwin, Jon","WR","KCC"
"719","10288","Jernigan, Jerrel","WR","NYG"
"720","10289","Smith, Torrey","WR","BAL"
"721","10296","Ponder, Christian","QB","MIN"
"722","10297","Kaepernick, Colin","QB","SFO"
"723","10298","Williams, Ryan","RB","ARI"
"724","10299","Thomas, Daniel","RB","MIA"
"725","10300","Rodgers, Jacquizz","RB","ATL"
"726","10301","Todman, Jordan","RB","MIN"
"727","10302","Murray, DeMarco","RB","DAL"
"728","10303","Vereen, Shane","RB","NEP"
"729","10304","Carter, Delone","RB","IND"
"730","10305","Hunter, Kendall","RB","SFO"
"731","10306","Locke, Derrick","RB","FA"
"732","10307","Hankerson, Leonard","WR","WAS"
"733","10308","Cobb, Randall","WR","GBP"
"734","10309","Young, Titus","WR","DET"
"735","10310","Doss, Tandon","WR","BAL"
"736","10311","Pettis, Austin","WR","STL"
"737","10312","Rudolph, Kyle","TE","MIN"
"738","10313","Dalton, Andy","QB","CIN"
"739","10316","Stanzi, Ricky","QB","KCC"
"740","10318","Kendricks, Lance","TE","STL"
"741","10327","Little, Greg","WR","CLE"
"742","10333","Housler, Robert","TE","ARI"
"743","10334","Ridley, Stevan","RB","NEP"
"744","10338","Brown, Vincent","WR","SDC"
"745","10347","Green, Alex","RB","GBP"
"746","10352","Cameron, Jordan","TE","CLE"
"747","10354","Stocker, Luke","TE","TBB"
"748","10355","Helu, Roy","RB","WAS"
"749","10356","Durham, Kris","WR","SEA"
"750","10359","Gates, Clyde","WR","MIA"
"751","10360","Salas, Greg","WR","STL"
"752","10362","Shorts, Cecil","WR","JAC"
"753","10367","Marecic, Owen","RB","CLE"
"754","10368","Jones, Taiwan","RB","OAK"
"755","10369","Powell, Bilal","RB","NYJ"
"756","10372","Thomas, Julius","TE","DEN"
"757","10373","Harper, Jamie","RB","TEN"
"758","10375","Pilares, Kealoha","WR","CAR"
"759","10376","White, Johnny","RB","BUF"
"760","10378","Sherman, Anthony","RB","ARI"
"761","10382","Williams, D.J.","TE","GBP"
"762","10388","Moore, Denarius","WR","OAK"
"763","10389","Lewis, Dion","RB","PHI"
"764","10391","Yates, T.J.","QB","HOU"
"765","10392","Kerley, Jeremy","WR","NYJ"
"766","10394","Paul, Niles","WR","WAS"
"767","10398","Smith, Lee","TE","BUF"
"768","10399","Enderle, Nathan","QB","CHI"
"769","10404","Whalen, Ryan","WR","CIN"
"770","10409","Clay, Charles","RB","MIA"
"771","10410","Harris, Dwayne","WR","DAL"
"772","10411","Royster, Evan","RB","WAS"
"773","10412","Robinson, Aldrick","WR","WAS"
"774","10413","Taylor, Tyrod","QB","BAL"
"775","10414","Gordon, Richard","TE","OAK"
"776","10415","Johnson, Ronald","WR","PHI"
"777","10419","Bradford, Allen","RB","SEA"
"778","10432","Green, Virgil","TE","DEN"
"779","10436","McElroy, Greg","QB","NYJ"
"780","10437","Miller, Bruce","RB","SFO"
"781","10442","Taylor, Ryan","TE","GBP"
"782","10444","Chapas, Shaun","RB","DAL"
"783","10445","Scott, Da'Rel","RB","NYG"
"784","10447","Bannon, Shane","RB","KCC"
"785","10449","Allen, Anthony","RB","BAL"
"786","10451","McKnight, Scotty","WR","FA"
"787","10456","Batch, Baron","RB","PIT"
"788","10460","Burton, Stephen","WR","MIN"
"789","10462","Hardy, Daniel","TE","MIN"
"790","10463","Havili, Stanley","RB","PHI"
"791","10464","Ausberry, David","TE","OAK"
"792","10468","Finley, Jay","RB","FA"
"793","10470","Sampson, Demarco","WR","ARI"
"794","10475","Devine, Noel","RB","FA"
"795","10476","Devlin, Pat","QB","MIA"
"796","10477","Clay, John","RB","PIT"
"797","10480","Saunders, Weslye","TE","PIT"
"798","10481","Fannin, Mario","RB","DEN"
"799","10482","Evans, Darren","RB","IND"
"800","10483","Chappell, Ben","QB","FA"
"801","10489","Johnson, Jerrod","QB","PIT"
"802","10490","Cooper, Graig","RB","PHI"
"803","10491","Saine, Brandon","RB","GBP"
"804","10492","Brown, DeAndre","WR","FA"
"805","10493","Gurley, Tori","WR","GBP"
"806","10494","Toliver, Terrence","WR","DET"
"807","10495","Binns, Armon","WR","CIN"
"808","10496","Lockette, Ricardo","WR","SEA"
"809","10497","Sanzenbacher, Dane","WR","CHI"
"810","10498","Tolzien, Scott","QB","SFO"
"811","10499","Berry, Damien","RB","BAL"
"812","10500","Pryor, Terrelle","QB","OAK"
"813","10501","Spann, Chad","RB","PIT"
"814","10502","Grigsby, Nic","RB","FA"
"815","10503","Arceneaux, Emmanuel","WR","MIN"
"816","10504","King, Caleb","RB","MIN"
"817","10505","Froman, Adam","QB","FA"
"818","10507","Ballard, Demario","WR","FA"
"819","10508","Jean, Lestar","WR","HOU"
"820","10509","Odim, Isaac","RB","FA"
"821","10510","Portis, Josh","QB","SEA"
"822","10511","Maehl, Jeff","WR","HOU"
"823","10512","Smith, Armond","RB","CLE"
"824","10513","Williams, Isaiah","WR","ARI"
"825","10515","Tanner, Phillip","RB","DAL"
"826","10516","Walters, Bryan","WR","SDC"
"827","10517","Morgan, Joseph","WR","NOS"
"828","10518","West, Chastin","WR","JAC"
"829","10521","Reuland, Konrad","TE","SFO"
"830","10525","Slate, Cody","TE","FA"
"831","10526","Livas, Phillip","WR","BAL"
"832","10527","Baldwin, Doug","WR","SEA"
"833","10530","Harris, DuJuan","RB","JAC"
"834","10531","Gilreath, David","WR","PIT"
"835","10537","Williams, LaQuan","WR","BAL"
"836","10539","Yeatman, Will","TE","MIA"
"837","10547","Pianalto, Zack","TE","TBB"
"838","10551","Brockel, Richie","TE","CAR"
"839","10552","Clutts, Tyler","RB","CHI"
"840","10553","Adams, Kyle","TE","CHI"
"841","10557","Cochart, Colin","TE","CIN"
"842","10563","Newsome, Jamar","WR","KCC"
"843","10564","Reisner, Allen","TE","MIN"
"844","10567","Hynoski, Henry","RB","NYG"
"845","10601","Hawkins, Andrew","WR","CIN"
"846","10608","Baker, Josh","TE","NYJ"
"847","10609","Franklin, Collin","TE","TBB"
"848","10615","Tonga, Manase","RB","OAK"
"849","10623","Finley, Joe Jon","TE","FA"
"850","10629","Riley, Eron","WR","NYJ"
"851","10634","Madu, Mossis","RB","TBB"
"852","10649","Mahaffey, Ryan","RB","IND"
"853","10651","Aiken, Kamar","WR","BUF"
"854","10652","Higgins, Michael","TE","NOS"
"855","10654","Weber, Adam","QB","DEN"
"856","10656","Adams, Darvin","WR","CAR"
"857","10674","Holmes, Andre","WR","DAL"
"858","10679","Allen, Armando","RB","CHI"
"859","10680","Myers, Rob","TE","WAS"
"860","10681","Brock, Kevin","TE","BUF"
"861","10682","Windsor, Rod","WR","CLE"
"862","10685","Hastings, Joe","WR","SFO"
"863","10686","Cone, Kevin","WR","ATL"
"864","10687","Sylvester, Austin","RB","FA"
"865","10688","Medlin, Richard","RB","MIA"
"866","10689","Draughn, Shaun","RB","KCC"
