"","Name","Team","Position","Age","Games","Starts","Completion","Pass_Attempts","Pass_Yards","Pass_TDs","Interceptions","Rush_Attempts","Rush_Yards","Rush_TDs","Targets","Receptions","Rec_Yards","Rec_TDs","VBD","Position_Rank","Overall_Rank","NA"
"2","Adrian Peterson","MIN","RB",27,16,16,0,0,0,0,0,348,2097,12,51,40,217,1,307,191,1,"1"
"3","Doug Martin","TAM","RB",23,16,16,0,0,0,0,0,319,1454,11,70,49,472,1,263,146,2,"2"
"4","Arian Foster","HOU","RB",26,16,16,0,0,0,0,0,351,1424,15,58,40,217,2,262,145,3,"3"
"5","Marshawn Lynch","SEA","RB",26,16,15,0,0,0,0,0,315,1590,11,30,23,196,1,247,130,4,"4"
"6","Alfred Morris","WAS","RB",24,16,16,0,0,0,0,0,335,1613,13,16,11,77,0,241,124,5,"5"
"7","Ray Rice","BAL","RB",25,16,16,0,0,0,0,0,257,1143,9,83,61,478,1,222,105,6,"6"
"8","Calvin Johnson","DET","WR",27,16,16,0,0,0,0,0,0,0,0,204,122,1964,5,220,102,1,"7"
"9","Brandon Marshall","CHI","WR",28,16,16,0,0,0,0,0,1,-2,0,192,118,1508,11,217,98,2,"8"
"10","C.J. Spiller","BUF","RB",25,16,9,0,0,0,0,0,207,1244,6,57,43,459,2,212,96,7,"9"
"11","Drew Brees","NOR","QB",33,16,16,422,670,5177,43,19,15,5,1,0,0,0,0,346,95,1,"10"
"12","Aaron Rodgers","GNB","QB",29,16,16,371,552,4295,39,8,54,259,2,1,1,-1,0,344,93,2,"11"
"13","Tom Brady","NWE","QB",35,16,16,401,637,4827,34,8,23,32,4,0,0,0,0,340,90,3,"12"
"14","Dez Bryant","DAL","WR",24,16,14,0,0,0,0,0,2,-5,0,138,92,1382,12,208,89,3,"13"
"15","Jamaal Charles","KAN","RB",26,16,15,0,0,0,0,0,285,1509,5,49,35,236,1,205,88,8,"14"
"16","Trent Richardson","CLE","RB",22,15,15,0,0,0,0,0,267,950,11,70,51,367,1,204,87,9,"15"
"17","A.J. Green","CIN","WR",24,16,16,0,0,0,0,0,4,38,0,164,97,1350,11,203,84,4,"16"
"18","Stevan Ridley","NWE","RB",23,16,12,0,0,0,0,0,290,1263,12,14,6,51,0,199,83,10,"17"
"19","Frank Gore","SFO","RB",29,16,16,0,0,0,0,0,258,1214,8,36,28,234,1,197,80,11,"18"
"20","Demaryius Thomas","DEN","WR",25,16,16,0,0,0,0,0,0,0,0,143,94,1434,10,197,79,5,"19"
"21","Cam Newton","CAR","QB",23,16,16,280,485,3869,19,12,127,741,8,1,0,6,0,323,73,4,"20"
"22","Vincent Jackson","TAM","WR",29,16,16,0,0,0,0,0,0,0,0,147,72,1384,8,188,70,6,"21"
"23","Andre Johnson","HOU","WR",31,16,16,0,0,0,0,0,0,0,0,162,112,1598,4,186,67,7,"22"
"24","Robert Griffin","WAS","QB",22,15,15,258,393,3200,20,5,120,815,7,1,0,0,0,318,67,5,"23"
"25","Eric Decker","DEN","WR",25,16,15,0,0,0,0,0,0,0,0,122,85,1064,13,184,66,8,"24"
"26","Julio Jones","ATL","WR",23,16,15,0,0,0,0,0,6,30,0,128,79,1198,10,183,64,9,"25"
"27","Matt Forte","CHI","RB",27,15,15,0,0,0,0,0,248,1094,5,59,44,340,1,177,61,12,"26"
"28","Peyton Manning","DEN","QB",36,16,16,400,583,4659,37,11,23,6,0,0,0,0,0,311,60,6,"27"
"29","Chris Johnson","TEN","RB",27,16,15,0,0,0,0,0,276,1243,6,49,36,232,0,176,59,13,"28"
"30","Roddy White","ATL","WR",31,16,15,0,0,0,0,0,0,0,0,142,92,1351,7,177,59,10,"29"
"31","Jimmy Graham","NOR","TE",26,15,9,0,0,0,0,0,0,0,0,135,85,982,9,152,55,1,"30"
"32","Reggie Bush","MIA","RB",27,16,16,0,0,0,0,0,227,986,6,52,35,292,2,172,55,14,"31"
"33","Matt Ryan","ATL","QB",27,16,16,422,615,4719,32,14,34,141,1,0,0,0,0,305,54,7,"32"
"34","Wes Welker","NWE","WR",31,16,12,0,0,0,0,0,2,20,0,174,118,1354,6,171,53,12,"33"
"35","Marques Colston","NOR","WR",29,16,13,0,0,0,0,0,0,0,0,130,83,1154,10,171,53,11,"34"
"36","Victor Cruz","NYG","WR",26,16,16,0,0,0,0,0,0,0,0,143,86,1092,10,169,51,13,"35"
"37","Shonn Greene","NYJ","RB",27,16,14,0,0,0,0,0,276,1063,8,30,19,151,0,167,51,15,"36"
"38","Michael Crabtree","SFO","WR",25,16,16,0,0,0,0,0,1,8,0,127,85,1105,9,165,47,14,"37"
"39","Rob Gronkowski","NWE","TE",23,11,11,0,0,0,0,0,0,0,0,79,55,790,11,143,46,2,"38"
"40","Steven Jackson","STL","RB",29,16,16,0,0,0,0,0,258,1045,4,53,38,321,0,163,46,16,"39"
"41","Reggie Wayne","IND","WR",34,16,15,0,0,0,0,0,1,-5,0,195,106,1355,5,163,45,15,"40"
"42","Tony Gonzalez","ATL","TE",36,16,16,0,0,0,0,0,0,0,0,124,93,930,8,141,44,3,"41"
"43","James Jones","GNB","WR",28,16,16,0,0,0,0,0,0,0,0,98,64,784,14,162,44,16,"42"
"44","Michael Turner","ATL","RB",30,16,16,0,0,0,0,0,222,800,10,30,19,128,1,157,40,17,"43"
"45","Ahmad Bradshaw","NYG","RB",26,14,12,0,0,0,0,0,221,1015,6,31,23,245,0,156,39,18,"44"
"46","Mike Williams","TAM","WR",25,16,16,1,1,28,0,0,0,0,0,126,63,996,9,155,36,17,"45"
"47","Randall Cobb","GNB","WR",22,15,8,0,0,0,0,0,10,132,0,104,80,954,8,155,36,18,"46"
"48","BenJarvus Green-Ellis","CIN","RB",27,15,15,0,0,0,0,0,278,1094,6,30,22,104,0,152,35,19,"47"
"49","Heath Miller","PIT","TE",30,15,15,0,0,0,0,0,0,0,0,101,71,816,8,132,35,4,"48"
"50","Mikel Leshoure","DET","RB",22,14,14,0,0,0,0,0,215,798,9,49,34,214,0,149,33,20,"49"
"51","LeSean McCoy","PHI","RB",24,12,12,0,0,0,0,0,200,840,2,67,54,373,3,145,29,21,"50"
"52","Tony Romo","DAL","QB",32,16,16,425,648,4903,28,19,30,49,1,1,1,-1,0,279,28,8,"51"
"53","Russell Wilson","SEA","QB",24,16,16,252,393,3118,26,10,94,489,4,0,0,0,0,278,27,9,"52"
"54","Andrew Luck","IND","QB",23,16,16,339,627,4374,23,18,62,255,5,0,0,0,0,276,26,10,"53"
"55","Jason Witten","DAL","TE",30,16,16,0,0,0,0,0,0,0,0,147,110,1039,3,122,25,5,"54"
"56","Matthew Stafford","DET","QB",24,16,16,435,727,4967,20,17,35,126,4,1,1,3,0,276,25,11,"55"
"57","Darren Sproles","NOR","RB",29,13,6,0,0,0,0,0,48,244,1,104,75,667,7,141,24,22,"56"
"58","Steve Smith","CAR","WR",33,16,16,0,0,0,0,0,3,27,0,137,73,1174,4,142,24,19,"57"
"59","Lance Moore","NOR","WR",29,15,7,0,0,0,0,0,0,0,0,104,65,1041,6,140,22,20,"58"
"60","Steve Johnson","BUF","WR",26,16,16,0,0,0,0,0,0,0,0,148,79,1046,6,139,20,21,"59"
"61","Cecil Shorts","JAX","WR",25,14,9,0,0,0,0,0,1,-4,0,105,55,979,7,138,19,22,"60"
"62","Greg Olsen","CAR","TE",27,16,16,0,0,0,0,0,0,0,0,104,69,843,5,114,17,6,"61"
"63","Torrey Smith","BAL","WR",23,16,16,0,0,0,0,0,3,9,0,110,49,855,8,134,16,23,"62"
"64","DeAngelo Williams","CAR","RB",29,16,10,0,0,0,0,0,173,737,5,20,13,187,2,130,14,23,"63"
"65","T.Y. Hilton","IND","WR",23,15,1,0,1,0,0,0,5,29,0,90,50,861,7,131,13,24,"64"
"66","Dennis Pitta","BAL","TE",27,16,5,0,0,0,0,0,0,0,0,94,61,669,7,109,12,7,"65"
"67","Mike Wallace","PIT","WR",26,15,14,0,0,0,0,0,5,7,0,119,64,836,8,130,12,25,"66"
"68","Owen Daniels","HOU","TE",30,15,14,0,0,0,0,0,0,0,0,104,62,716,6,108,11,8,"67"
"69","Miles Austin","DAL","WR",28,16,15,0,0,0,0,0,0,0,0,119,66,943,6,128,10,26,"68"
"70","Kyle Rudolph","MIN","TE",23,16,16,0,0,0,0,0,0,0,0,93,53,493,9,105,8,9,"69"
"71","Brandon Myers","OAK","TE",27,16,16,0,0,0,0,0,0,0,0,105,79,806,4,105,8,10,"70"
"72","Jeremy Maclin","PHI","WR",24,15,15,0,0,0,0,0,0,0,0,122,69,857,7,126,7,27,"71"
"73","Jermaine Gresham","CIN","TE",24,16,15,0,0,0,0,0,0,0,0,94,64,737,5,102,5,11,"72"
"74","Justin Blackmon","JAX","WR",22,16,14,0,0,0,0,0,2,23,0,132,64,865,5,121,2,28,"73"
"75","Jordy Nelson","GNB","WR",27,12,10,0,0,0,0,0,0,0,0,73,49,745,7,119,NA,29,"74"
"76","Donnie Avery","IND","TE",28,16,15,0,0,0,0,0,4,9,0,124,60,781,3,97,NA,12,"75"
"77","Andy Dalton","CIN","QB",25,16,16,329,528,3669,27,16,47,120,4,0,0,0,0,251,NA,12,"76"
"78","Tyler Clutts","HOU","",28,16,0,0,0,0,0,0,0,0,0,0,0,0,0,NA,NA,4,"77"
"79","Danny Woodhead","NWE","RB",27,16,2,0,0,0,0,0,76,301,4,55,40,446,3,117,NA,24,"78"
"80","Josh Freeman","TAM","QB",24,16,16,306,558,4065,27,17,39,139,0,0,0,0,0,249,NA,13,""
"81","Joe Flacco","BAL","QB",27,16,16,317,531,3817,22,10,32,22,3,0,0,0,0,235,NA,14,""
"82","Eli Manning","NYG","QB",31,16,16,321,536,3948,26,15,20,30,0,0,0,0,0,233,NA,15,""
"83","Sam Bradford","STL","QB",25,16,16,328,551,3702,21,13,37,127,1,0,0,0,0,231,NA,16,""
"84","Matt Schaub","HOU","QB",31,16,16,350,544,4008,22,12,21,-9,0,1,1,-6,0,225,NA,17,""
"85","Ben Roethlisberger","PIT","QB",30,13,13,284,449,3265,26,8,26,92,0,0,0,0,0,224,NA,19,""
"86","Carson Palmer","OAK","QB",33,15,15,345,565,4018,22,14,18,36,1,0,0,0,0,224,NA,18,""
"87","Ryan Fitzpatrick","BUF","QB",30,16,16,306,505,3400,24,16,48,197,1,0,0,0,0,214,NA,20,""
"88","Philip Rivers","SDG","QB",31,16,16,338,527,3606,26,15,27,40,0,1,0,0,0,208,NA,21,""
"89","Christian Ponder","MIN","QB",24,16,16,300,483,2935,18,12,60,253,2,1,1,-15,0,193,NA,22,""
"90","Jay Cutler","CHI","QB",29,15,15,255,434,3033,19,14,41,233,0,0,0,0,0,185,NA,23,""
"91","Ryan Tannehill","MIA","QB",24,16,16,282,484,3294,12,13,49,211,2,0,0,0,0,183,NA,24,""
"92","Colin Kaepernick","SFO","QB",25,13,7,136,218,1814,10,3,63,415,5,0,0,0,0,174,NA,25,""
"93","Brandon Weeden","CLE","QB",29,15,15,297,517,3385,14,17,27,111,0,1,0,-9,0,166,NA,26,""
"94","Michael Vick","PHI","QB",32,10,10,204,351,2362,12,10,62,332,1,0,0,0,0,152,NA,27,""
"95","Jake Locker","TEN","QB",24,11,11,177,314,2176,10,11,41,291,1,1,0,0,0,132,NA,28,""
"96","Alex Smith","SFO","QB",28,10,9,153,218,1737,13,5,31,132,0,0,0,0,0,123,NA,29,""
"97","Mark Sanchez","NYJ","QB",26,15,15,246,453,2883,13,18,22,28,0,0,0,0,0,118,NA,30,""
"98","Anquan Boldin","BAL","WR",32,15,15,0,0,0,0,0,1,3,0,112,65,921,4,118,NA,31,""
"99","Sidney Rice","SEA","WR",26,16,16,1,2,25,0,0,2,6,0,82,50,748,7,118,NA,30,""
"100","Denarius Moore","OAK","WR",24,15,15,0,0,0,0,0,1,-5,0,114,51,741,7,116,NA,33,""
"101","Golden Tate","SEA","WR",24,15,15,1,1,23,1,0,3,20,0,68,45,688,7,116,NA,32,""
"102","Brandon Lloyd","NWE","WR",31,16,15,0,0,0,0,0,0,0,0,131,74,911,4,115,NA,34,""
"103","Vick Ballard","IND","RB",22,16,12,0,0,0,0,0,211,814,2,27,17,152,1,115,NA,25,""
"104","Willis McGahee","DEN","RB",31,10,9,0,0,0,0,0,167,731,4,33,26,221,0,113,NA,26,""
"105","Chad Henne","JAX","QB",27,10,6,166,308,2084,11,11,19,64,1,0,1,-6,0,113,NA,31,""
"106","Brian Hartline","MIA","WR",26,16,15,0,0,0,0,0,0,0,0,131,74,1083,1,112,NA,35,""
"107","DeMarco Murray","DAL","RB",24,10,10,0,0,0,0,0,161,663,4,42,34,247,0,111,NA,27,""
"108","Malcom Floyd","SDG","WR",31,14,14,0,0,0,0,0,0,0,0,85,56,814,5,111,NA,36,""
"109","Darren McFadden","OAK","RB",25,12,12,0,0,0,0,0,216,707,2,63,42,258,1,111,NA,28,""
"110","Andre Roberts","ARI","WR",24,15,15,0,0,0,0,0,4,29,0,114,64,759,5,109,NA,37,""
"111","Josh Gordon","CLE","WR",21,16,13,0,0,0,0,0,0,0,0,96,50,805,5,109,NA,38,""
"112","Danario Alexander","SDG","WR",26,10,6,0,1,0,0,0,0,0,0,62,37,658,7,108,NA,39,""
"113","Antonio Brown","PIT","WR",24,13,10,0,2,0,0,1,7,24,0,106,66,787,5,105,NA,40,""
"114","Santana Moss","WAS","WR",33,16,1,0,0,0,0,0,3,14,0,62,41,573,8,105,NA,41,""
"115","Joique Bell","DET","RB",26,16,0,0,0,0,0,0,82,414,3,68,52,485,0,104,NA,29,""
"116","Larry Fitzgerald","ARI","WR",29,16,16,0,0,0,0,0,0,0,0,156,71,798,4,104,NA,42,""
"117","Nate Washington","TEN","WR",29,16,14,0,0,0,0,0,0,0,0,89,46,746,4,99,NA,45,""
"118","Brandon Gibson","STL","WR",25,16,13,0,0,0,0,0,0,0,0,82,51,691,5,99,NA,44,""
"119","Percy Harvin","MIN","WR",24,9,8,0,0,0,0,0,22,96,1,85,62,677,3,99,NA,43,""
"120","Ryan Mathews","SDG","RB",25,12,9,0,0,0,0,0,184,707,1,56,39,252,0,98,NA,30,""
"121","Andre Brown","NYG","RB",26,10,2,0,0,0,0,0,73,385,8,17,12,86,0,97,NA,31,""
"122","Antonio Gates","SDG","TE",32,15,15,0,0,0,0,0,0,0,0,80,49,538,7,96,NA,13,""
"123","Dwayne Bowe","KAN","WR",28,13,12,0,0,0,0,0,0,0,0,114,59,801,3,96,NA,46,""
"124","Pierre Thomas","NOR","RB",28,15,4,0,0,0,0,0,105,473,1,53,39,354,1,95,NA,32,""
"125","Brandon LaFell","CAR","WR",26,14,12,0,0,0,0,0,3,35,0,76,44,677,4,95,NA,47,""
"126","Blaine Gabbert","JAX","QB",23,10,10,162,278,1662,9,6,18,56,0,0,0,0,0,94,NA,32,""
"127","Felix Jones","DAL","RB",25,16,7,0,0,0,0,0,111,402,3,36,26,266,2,93,NA,34,""
"128","Martellus Bennett","NYG","TE",25,16,16,0,0,0,0,0,0,0,0,89,55,626,5,93,NA,14,""
"129","Mark Ingram","NOR","RB",23,16,5,0,0,0,0,0,156,602,5,10,6,29,0,93,NA,33,""
"130","Darrius Heyward-Bey","OAK","WR",25,15,14,0,0,0,0,0,2,16,0,80,41,606,5,92,NA,48,""
"131","Scott Chandler","BUF","TE",27,15,13,0,0,0,0,0,0,0,0,74,43,571,6,91,NA,15,""
"132","Knowshon Moreno","DEN","RB",25,8,6,0,0,0,0,0,139,525,4,26,21,167,0,91,NA,35,""
"133","Jeremy Kerley","NYJ","WR",24,16,7,1,1,42,0,0,5,8,0,95,56,827,2,91,NA,49,""
"134","Chris Givens","STL","WR",23,15,12,0,0,0,0,0,3,12,0,80,42,698,3,91,NA,50,""
"135","Greg Little","CLE","WR",23,16,16,0,0,0,0,0,2,15,0,94,53,647,4,90,NA,51,""
"136","Pierre Garcon","WAS","WR",26,10,10,0,0,0,0,0,2,9,0,68,44,633,4,88,NA,52,""
"137","Jacquizz Rodgers","ATL","RB",22,16,0,0,0,0,0,0,94,362,1,59,53,402,1,88,NA,36,""
"138","Hakeem Nicks","NYG","WR",24,13,11,0,0,0,0,0,0,0,0,100,53,692,3,87,NA,53,""
"139","Mike Tolbert","CAR","RB",27,16,5,0,0,0,0,0,54,183,7,39,27,268,0,87,NA,37,""
"140","Nick Foles","PHI","QB",23,7,6,161,265,1699,6,5,11,42,1,0,0,0,0,86,NA,33,""
"141","Kendall Wright","TEN","WR",23,15,5,0,0,0,0,0,1,4,0,104,64,626,4,85,NA,54,""
"142","Vernon Davis","SFO","TE",28,16,16,0,0,0,0,0,0,0,0,61,41,548,5,85,NA,16,""
"143","Kevin Kolb","ARI","QB",28,6,5,109,183,1169,8,3,16,100,1,0,0,0,0,85,NA,34,""
"144","Davone Bess","MIA","WR",27,13,13,0,0,0,0,0,0,0,0,104,61,778,1,84,NA,56,""
"145","Brandon Stokley","DEN","WR",36,15,9,0,0,0,0,0,0,0,0,58,45,544,5,84,NA,55,""
"146","Danny Amendola","STL","WR",27,11,8,0,0,0,0,0,2,8,0,101,63,666,3,83,NA,57,""
"147","Marcel Reece","OAK","RB",27,16,14,0,0,0,0,0,59,271,0,73,52,496,1,83,NA,38,""
"148","Kenny Britt","TEN","WR",24,14,11,0,0,0,0,0,0,0,0,90,45,589,4,83,NA,58,""
"149","Bilal Powell","NYJ","RB",24,14,2,0,0,0,0,0,110,437,4,36,17,140,0,82,NA,39,""
"150","Jonathan Dwyer","PIT","RB",23,13,6,0,0,0,0,0,156,623,2,25,18,106,0,81,NA,41,""
"151","DeSean Jackson","PHI","WR",26,11,11,0,0,0,0,0,3,-7,0,87,45,700,2,81,NA,59,""
"152","Fred Jackson","BUF","RB",31,10,8,0,0,0,0,0,115,437,3,42,34,217,1,81,NA,40,""
"153","Andrew Hawkins","CIN","WR",26,14,2,0,0,0,0,0,6,30,0,80,51,533,4,80,NA,60,""
"154","Bryce Brown","PHI","RB",21,16,4,0,0,0,0,0,115,564,4,19,13,56,0,80,NA,42,""
"155","Aaron Hernandez","NWE","TE",23,10,10,0,0,0,0,0,1,5,0,83,51,483,5,79,NA,17,""
"156","Matt Cassel","KAN","QB",30,9,8,161,277,1796,6,12,27,145,1,0,0,0,0,78,NA,35,""
"157","Lance Kendricks","STL","RB",24,16,14,0,0,0,0,0,0,0,0,64,42,519,4,78,NA,43,""
"158","Marcedes Lewis","JAX","TE",28,16,15,0,0,0,0,0,0,0,0,77,52,540,4,78,NA,18,""
"159","Jermichael Finley","GNB","TE",25,16,14,0,0,0,0,0,0,0,0,87,61,667,2,77,NA,19,""
"160","Michael Bush","CHI","RB",28,13,1,0,0,0,0,0,114,411,5,11,9,83,0,77,NA,44,""
"161","Matt Hasselbeck","TEN","QB",37,8,5,138,221,1367,7,5,13,38,0,0,0,0,0,76,NA,36,""
"162","Rod Streater","OAK","WR",24,16,2,0,0,0,0,0,0,0,0,74,39,584,3,76,NA,61,""
"163","Jared Cook","TEN","TE",25,13,5,0,0,0,0,0,0,0,0,73,44,523,4,74,NA,20,""
"164","Leonard Hankerson","WAS","WR",23,16,5,0,0,0,0,0,2,5,0,57,38,543,3,73,NA,62,""
"165","Brent Celek","PHI","TE",27,15,14,0,0,0,0,0,0,0,0,88,57,684,1,72,NA,21,""
"166","Isaac Redman","PIT","RB",28,14,5,0,0,0,0,0,110,410,2,23,19,244,0,71,NA,45,""
"167","Brandon Pettigrew","DET","TE",27,14,11,0,0,0,0,0,0,0,0,102,59,567,3,71,NA,22,""
"168","Dwayne Allen","IND","TE",22,16,16,0,0,0,0,0,3,5,0,66,45,521,3,71,NA,23,""
"169","LaRod Stephens-Howling","ARI","RB",25,14,5,0,0,0,0,0,111,357,4,30,17,106,0,70,NA,46,""
"170","Kevin Ogletree","DAL","WR",25,15,1,0,0,0,0,0,2,9,0,55,32,436,4,69,NA,64,""
"171","Domenik Hixon","NYG","WR",28,13,3,0,0,0,0,0,0,0,0,59,39,567,2,69,NA,63,""
"172","Dallas Clark","TAM","TE",33,16,7,0,0,0,0,0,0,0,0,75,47,435,4,68,NA,25,""
"173","Donald Jones","BUF","WR",25,12,10,0,0,0,0,0,0,0,0,67,41,443,4,68,NA,65,""
"174","Ben Watson","CLE","TE",32,16,14,0,0,0,0,0,0,0,0,82,49,501,3,68,NA,24,""
"175","Daniel Thomas","MIA","RB",25,12,0,0,0,0,0,0,91,325,4,22,15,156,0,68,NA,47,""
"176","Jacob Tamme","DEN","TE",27,16,8,0,0,0,0,0,0,0,0,85,52,555,2,68,NA,26,""
"177","David Wilson","NYG","RB",21,16,2,0,0,0,0,0,71,358,4,9,4,34,1,67,NA,48,""
"178","Josh Morgan","WAS","WR",27,16,15,0,1,0,0,0,3,25,0,73,48,510,2,66,NA,67,""
"179","Joel Dreessen","DEN","TE",30,16,15,0,0,0,0,0,0,0,0,58,41,356,5,66,NA,27,""
"180","Michael Floyd","ARI","WR",23,16,3,0,0,0,0,0,0,0,0,86,45,562,2,66,NA,66,""
"181","Jackie Battle","SDG","RB",29,16,5,0,0,0,0,0,95,311,3,15,15,108,1,66,NA,49,""
"182","Anthony Fasano","MIA","TE",28,16,16,0,0,0,0,0,0,0,0,69,41,332,5,65,NA,28,""
"183","Emmanuel Sanders","PIT","WR",25,16,7,0,0,0,0,0,1,4,0,75,44,626,1,65,NA,68,""
"184","Jason Avant","PHI","WR",29,14,6,0,0,0,0,0,0,0,0,76,53,648,0,65,NA,69,""
"185","Kevin Walter","HOU","WR",31,16,14,0,0,0,0,0,0,0,0,68,41,518,2,64,NA,71,""
"186","Titus Young","DET","WR",23,10,8,0,0,0,0,0,2,16,0,56,33,383,4,64,NA,70,""
"187","Bernard Pierce","BAL","RB",21,16,0,0,0,0,0,0,108,532,1,11,7,47,0,64,NA,50,""
"188","Maurice Jones-Drew","JAX","RB",27,6,5,0,0,0,0,0,86,414,1,18,14,86,1,62,NA,52,""
"189","Shane Vereen","NWE","RB",23,13,1,0,0,0,0,0,62,251,3,13,8,149,1,62,NA,51,""
"190","Daryl Richardson","STL","RB",22,16,0,0,0,0,0,0,98,475,0,36,24,163,0,62,NA,53,""
"191","Randy Moss","SFO","WR",35,16,2,0,0,0,0,0,0,0,0,50,28,434,3,61,NA,72,""
"192","Greg Jennings","GNB","WR",29,8,5,0,0,0,0,0,0,0,0,62,36,366,4,61,NA,73,""
"193","Jonathan Stewart","CAR","RB",25,9,6,0,0,0,0,0,93,336,1,23,17,157,1,61,NA,54,""
"194","Alex Green","GNB","RB",24,12,4,0,0,0,0,0,135,464,0,30,18,125,0,59,NA,57,""
"195","Donald Brown","IND","RB",25,10,4,0,0,0,0,0,108,417,1,13,9,93,0,59,NA,56,""
"196","Ronnie Brown","SDG","RB",31,14,1,0,0,0,0,0,46,220,0,59,49,371,0,59,NA,55,""
"197","Zach Miller","SEA","TE",27,16,15,0,0,0,0,0,0,0,0,53,38,396,3,58,NA,29,""
"198","Michael Jenkins","MIN","WR",30,16,8,0,0,0,0,0,0,0,0,72,40,449,2,57,NA,74,""
"199","Tony Scheffler","DET","TE",29,15,4,0,0,0,0,0,0,0,0,85,42,504,1,56,NA,30,""
"200","Joe Morgan","NOR","WR",24,14,5,0,0,0,0,0,1,1,0,21,10,379,3,56,NA,75,""
"201","Mario Manningham","SFO","WR",26,12,10,0,0,0,0,0,3,64,0,57,42,449,1,55,NA,76,""
"202","Doug Baldwin","SEA","WR",24,14,4,0,0,0,0,0,0,0,0,50,29,366,3,55,NA,78,""
"203","Alshon Jeffery","CHI","WR",22,10,6,0,0,0,0,0,0,0,0,48,24,367,3,55,NA,77,""
"204","Tiquan Underwood","TAM","WR",25,14,3,0,0,0,0,0,1,1,0,55,28,425,2,55,NA,79,""
"205","Dexter McCluster","KAN","WR",24,16,6,0,0,0,0,0,12,70,0,77,52,452,1,54,NA,80,""
"206","Jeff Cumberland","NYJ","WR",25,15,12,0,0,0,0,0,0,0,0,53,29,359,3,54,NA,81,""
"207","Robert Turbin","SEA","RB",23,16,0,0,0,0,0,0,80,354,0,23,19,181,0,54,NA,59,""
"208","Beanie Wells","ARI","RB",24,8,7,0,0,0,0,0,88,234,5,1,1,24,0,54,NA,58,""
"209","Rashad Jennings","JAX","RB",27,10,6,0,0,0,0,0,101,283,2,26,19,130,0,53,NA,60,""
"210","Kendall Hunter","SFO","RB",24,11,0,0,0,0,0,0,72,371,2,12,9,60,0,53,NA,61,""
"211","James Casey","HOU","TE",28,16,9,0,0,0,0,0,1,6,0,45,34,330,3,52,NA,31,""
"212","Tony Moeaki","KAN","TE",25,15,14,0,0,0,0,0,0,0,0,56,33,453,1,51,NA,32,""
"213","Delanie Walker","SFO","TE",28,16,4,0,0,0,0,0,0,0,0,39,21,344,3,50,NA,33,""
"214","Earl Bennett","CHI","WR",25,12,4,0,0,0,0,0,0,0,0,49,29,375,2,50,NA,83,""
"215","Austin Pettis","STL","WR",24,14,2,0,0,0,0,0,0,0,0,48,30,261,4,50,NA,82,""
"216","Shaun Draughn","KAN","RB",25,16,0,0,0,0,0,0,59,233,2,30,24,158,0,49,NA,62,""
"217","Mohamed Sanu","CIN","WR",23,9,3,1,1,73,1,0,5,15,0,25,16,154,4,48,NA,84,""
"218","Rueben Randle","NYG","WR",21,16,1,0,0,0,0,0,0,0,0,32,19,298,3,48,NA,85,""
"219","Mike Goodson","OAK","RB",25,12,0,0,0,0,0,0,35,221,0,16,16,195,1,48,NA,63,""
"220","Justin Forsett","HOU","RB",27,16,0,0,0,0,0,0,63,374,1,5,3,38,0,47,NA,64,""
"221","Jacoby Jones","BAL","WR",28,16,3,0,0,0,0,0,1,6,0,55,30,406,1,47,NA,86,""
"222","Anthony McCoy","SEA","TE",25,16,5,0,0,0,0,0,0,0,0,28,18,291,3,47,NA,34,""
"223","Harry Douglas","ATL","WR",28,15,1,0,0,0,0,0,2,4,0,59,38,396,1,46,NA,88,""
"224","Travis Benjamin","CLE","WR",23,14,3,0,0,0,0,0,6,66,0,37,18,298,2,46,NA,87,""
"225","Jarius Wright","MIN","WR",23,7,1,0,0,0,0,0,2,11,0,36,22,310,2,44,NA,89,""
"226","Dustin Keller","NYJ","TE",28,8,5,0,0,0,0,0,0,0,0,36,28,317,2,44,NA,36,""
"227","Brady Quinn","KAN","QB",28,10,8,112,197,1141,2,8,19,66,0,1,0,0,0,44,NA,37,""
"228","Julian Edelman","NWE","WR",26,9,3,0,0,0,0,0,4,45,0,32,21,235,3,44,NA,90,""
"229","Garrett Graham","HOU","TE",26,15,9,0,0,0,0,0,0,0,0,39,28,263,3,44,NA,35,""
"230","Nate Burleson","DET","WR",31,6,5,0,0,0,0,0,8,48,0,43,27,240,2,43,NA,94,""
"231","Ryan Broyles","DET","WR",24,10,3,0,0,0,0,0,0,0,0,32,22,310,2,43,NA,93,""
"232","Stephen Hill","NYJ","WR",21,11,8,0,0,0,0,0,0,0,0,47,21,252,3,43,NA,91,""
"233","Ben Tate","HOU","RB",24,11,0,0,0,0,0,0,65,279,2,11,11,49,0,43,NA,66,""
"234","Aldrick Robinson","WAS","WR",24,15,2,0,0,0,0,0,1,14,0,19,11,237,3,43,NA,92,""
"235","Ronnie Hillman","DEN","RB",21,14,0,0,0,0,0,0,84,327,1,12,10,62,0,43,NA,65,""
"236","Riley Cooper","PHI","WR",25,11,5,0,0,0,0,0,0,0,0,47,23,248,3,43,NA,96,""
"237","Brad Smith","BUF","WR",29,15,2,0,1,0,0,1,14,116,1,22,14,152,2,43,NA,95,""
"238","Rob Housler","ARI","TE",24,15,9,0,0,0,0,0,0,0,0,68,45,417,0,42,NA,37,""
"239","Brandon Bolden","NWE","RB",22,10,0,0,0,0,0,0,56,274,2,2,2,11,0,41,NA,68,""
"240","Cedric Benson","GNB","RB",30,5,5,0,0,0,0,0,71,248,1,15,14,97,0,41,NA,67,""
"241","Cedric Peerman","CIN","RB",26,14,1,0,0,0,0,0,36,258,1,9,9,85,0,40,NA,69,""
"242","Montell Owens","JAX","RB",28,13,4,0,0,0,0,0,42,209,1,10,8,113,0,40,NA,70,""
"243","Coby Fleener","IND","TE",24,12,10,0,0,0,0,0,0,0,0,48,26,281,2,40,NA,38,""
"244","Louis Murphy","CAR","TE",25,16,5,0,0,0,0,0,1,3,0,61,25,336,1,40,NA,39,""
"245","T.J. Graham","BUF","WR",23,15,11,0,0,0,0,0,1,5,0,58,31,322,1,39,NA,99,""
"246","Chaz Schilens","NYJ","WR",27,15,6,0,0,0,0,0,0,0,0,41,28,289,2,39,NA,98,""
"247","Peyton Hillis","KAN","RB",26,13,2,0,1,0,0,0,85,309,1,14,10,62,0,39,NA,71,""
"248","Jonathan Baldwin","KAN","WR",23,15,7,0,0,0,0,0,0,0,0,47,20,325,1,39,NA,100,""
"249","Devery Henderson","NOR","WR",30,15,9,0,0,0,0,0,1,13,0,47,22,316,1,39,NA,97,""
"250","Tom Crabtree","GNB","TE",27,14,6,0,0,0,0,0,0,0,0,12,8,203,3,38,NA,40,""
"251","Logan Paulsen","WAS","TE",25,16,10,0,0,0,0,0,0,0,0,38,25,308,1,37,NA,41,""
"252","Lamar Miller","MIA","RB",21,13,1,0,0,0,0,0,51,250,1,8,6,45,0,36,NA,72,""
"253","Chris Ivory","NOR","RB",24,6,2,0,0,0,0,0,40,217,2,3,2,15,0,35,NA,73,""
"254","Montario Hardesty","CLE","RB",25,13,1,0,0,0,0,0,65,271,1,5,2,16,0,35,NA,75,""
"255","James Starks","GNB","RB",26,6,2,0,0,0,0,0,71,255,1,6,4,31,0,35,NA,76,""
"256","William Powell","ARI","RB",24,13,1,0,0,0,0,0,59,216,0,25,19,132,0,35,NA,74,""
"257","Toby Gerhart","MIN","RB",25,16,0,0,0,0,0,0,50,169,1,27,20,155,0,34,NA,77,""
"258","Craig Stevens","TEN","TE",28,15,15,0,0,0,0,0,0,0,0,33,23,275,1,34,NA,42,""
"259","Kevin Smith","DET","RB",26,12,2,0,0,0,0,0,37,134,1,16,10,79,1,33,NA,78,""
"260","Charles Clay","MIA","TE",23,14,9,0,0,0,0,0,0,0,0,33,18,212,2,33,NA,43,""
"261","Kirk Cousins","WAS","QB",24,3,1,33,48,466,4,3,3,22,0,0,0,0,0,33,NA,38,""
"262","Fred Davis","WAS","TE",26,7,7,0,0,0,0,0,1,1,0,31,24,325,0,33,NA,46,""
"263","David Thomas","NOR","TE",29,15,7,0,0,0,0,0,0,0,0,17,11,86,4,33,NA,45,""
"264","Kellen Davis","CHI","TE",27,16,15,0,0,0,0,0,0,0,0,44,19,229,2,33,NA,44,""
"265","Lance Ball","DEN","RB",27,15,0,0,0,0,0,0,42,158,1,12,7,61,1,32,NA,79,""
"266","Evan Royster","WAS","RB",25,16,0,0,0,0,0,0,23,88,2,23,15,109,0,32,NA,80,""
"267","Delone Carter","IND","RB",25,10,0,0,0,0,0,0,32,122,3,2,1,13,0,32,NA,81,""
"268","John Skelton","ARI","QB",24,7,6,109,201,1132,2,9,4,5,0,0,0,0,0,32,NA,39,""
"269","Robert Meachem","SDG","WR",28,15,3,0,0,0,0,0,1,-6,0,32,14,207,2,32,NA,102,""
"270","Armon Binns","2TM","WR",23,11,5,0,0,0,0,0,0,0,0,40,24,277,1,32,NA,103,""
"271","Eddie Royal","SDG","WR",26,10,2,0,0,0,0,0,3,22,0,44,23,234,1,32,NA,104,""
"272","Damian Williams","TEN","WR",24,13,2,0,0,0,0,0,0,0,0,45,30,324,0,32,NA,101,""
"273","Marvin Jones","CIN","WR",22,11,5,0,0,0,0,0,3,47,0,32,18,201,1,31,NA,106,""
"274","Jason Snelling","ATL","RB",29,16,2,0,0,0,0,0,18,63,0,35,31,203,1,31,NA,82,""
"275","Devin Hester","CHI","WR",30,15,5,0,0,0,0,0,3,6,0,40,23,242,1,31,NA,107,""
"276","Santonio Holmes","NYJ","WR",28,4,4,0,0,0,0,0,0,0,0,41,20,272,1,31,NA,105,""
"277","Dwayne Harris","DAL","WR",25,16,0,0,0,0,0,0,0,0,0,31,17,222,1,30,NA,108,""
"278","Michael Robinson","SEA","RB",29,16,6,0,0,0,0,0,12,49,0,15,13,126,2,30,NA,83,""
"279","Clay Harbor","PHI","TE",25,14,9,0,0,0,0,0,0,0,0,39,25,186,2,29,NA,49,""
"280","Kyle Williams","SFO","WR",24,11,3,0,0,0,0,0,4,21,0,22,14,212,1,29,NA,109,""
"281","DuJuan Harris","GNB","RB",24,4,2,0,0,0,0,0,34,157,2,2,2,17,0,29,NA,84,""
"282","Jordan Cameron","CLE","TE",24,14,6,0,0,0,0,0,0,0,0,40,20,226,1,29,NA,48,""
"283","Darrel Young","WAS","TE",25,16,8,0,0,0,0,0,14,60,0,9,8,109,2,29,NA,47,""
"284","Brian Quick","STL","WR",23,15,1,0,0,0,0,0,0,0,0,27,11,156,2,28,NA,111,""
"285","Rashard Mendenhall","PIT","RB",25,6,4,0,0,0,0,0,51,182,0,10,9,62,1,28,NA,85,""
"286","Jordan Shipley","2TM","WR",27,7,2,0,0,0,0,0,0,0,0,39,23,244,1,28,NA,110,""
"287","LeGarrette Blount","TAM","RB",26,13,0,0,0,0,0,0,41,151,2,2,1,2,0,27,NA,86,""
"288","Jorvorskie Lane","MIA","RB",25,16,5,0,0,0,0,0,13,13,2,12,11,79,1,27,NA,87,""
"289","John Kuhn","GNB","RB",30,14,3,0,0,0,0,0,23,63,1,18,15,148,0,27,NA,88,""
"290","Ryan Grant","2TM","RB",30,5,1,0,0,0,0,0,32,132,2,2,1,34,0,27,NA,89,""
"291","Chris Rainey","PIT","RB",24,16,0,0,0,0,0,0,26,102,2,22,14,60,0,26,NA,90,""
"292","Derek Hagan","OAK","WR",28,14,2,0,0,0,0,0,0,0,0,36,20,259,0,26,NA,114,""
"293","Braylon Edwards","2TM","WR",29,13,4,0,0,0,0,0,0,0,0,35,18,199,1,26,NA,113,""
"294","Micheal Spurlock","2TM","WR",29,14,1,0,0,0,0,0,0,0,0,29,23,200,1,26,NA,112,""
"295","Tashard Choice","BUF","RB",28,12,0,0,0,0,0,0,47,193,1,9,4,9,0,26,NA,91,""
"296","Dante Rosario","SDG","TE",28,13,2,0,0,0,0,0,0,0,0,18,10,95,3,26,NA,50,""
"297","Terrelle Pryor","OAK","QB",23,3,1,14,30,155,2,1,10,51,1,1,1,22,0,26,NA,40,""
"298","Brandon Tate","CIN","WR",25,16,3,0,0,0,0,0,1,0,0,25,13,211,1,25,NA,117,""
"299","Mohamed Massaquoi","CLE","WR",26,9,5,0,0,0,0,0,0,0,0,33,17,254,0,25,NA,115,""
"300","Jerome Simpson","MIN","WR",26,12,10,0,0,0,0,0,0,0,0,52,26,274,0,25,NA,116,""
"301","Clyde Gates","NYJ","WR",26,11,2,0,0,0,0,0,1,12,0,33,16,224,0,24,NA,118,""
"302","Vonta Leach","BAL","RB",31,16,13,0,0,0,0,0,9,32,1,24,21,143,0,24,NA,92,""
"303","LaVon Brazill","IND","WR",23,15,0,0,0,0,0,0,0,0,0,24,11,186,1,23,NA,122,""
"304","Juron Criner","OAK","WR",23,12,0,0,0,0,0,0,0,0,0,33,16,151,1,23,NA,120,""
"305","Mike Thomas","2TM","WR",25,16,4,0,0,0,0,0,7,57,0,40,18,108,1,23,NA,123,""
"306","Damaris Johnson","PHI","WR",23,14,1,0,0,0,0,0,3,12,0,31,19,256,0,23,NA,121,""
"307","Ed Dickson","BAL","TE",25,13,11,0,0,0,0,0,0,0,0,33,21,225,0,23,NA,51,""
"308","Luke Stocker","TAM","TE",24,16,11,0,0,0,0,0,0,0,0,27,16,165,1,23,NA,52,""
"309","Laurent Robinson","JAX","WR",27,7,4,0,0,0,0,0,0,0,0,43,24,252,0,23,NA,119,""
"310","Ramses Barden","NYG","WR",26,12,1,0,0,0,0,0,0,0,0,21,14,220,0,22,NA,124,""
"311","Jamie Harper","TEN","RB",23,10,0,0,0,0,0,0,19,30,3,1,1,8,0,22,NA,93,""
"312","Early Doucet","ARI","WR",27,12,3,0,0,0,0,0,2,9,0,53,28,207,0,22,NA,125,""
"313","Jacob Hester","DEN","RB",27,3,0,0,0,0,0,0,17,81,2,1,1,7,0,21,NA,94,""
"314","Will Heller","DET","TE",31,16,5,0,0,0,0,0,0,0,0,23,17,150,1,21,NA,54,""
"315","Niles Paul","WAS","TE",23,16,4,0,0,0,0,0,1,-1,0,15,8,152,1,21,NA,53,""
"316","Jerricho Cotchery","PIT","WR",30,14,2,0,0,0,0,0,0,0,0,27,17,205,0,21,NA,127,""
"317","Lestar Jean","HOU","WR",24,14,1,0,0,0,0,0,0,0,0,12,6,151,1,21,NA,126,""
"318","Keshawn Martin","HOU","WR",22,16,1,0,0,0,0,0,4,53,0,28,10,85,1,20,NA,128,""
"319","Jalen Parmele","JAX","RB",27,11,2,0,0,0,0,0,40,143,0,9,7,60,0,20,NA,96,""
"320","Anthony Dixon","SFO","RB",25,16,0,0,0,0,0,0,21,78,2,0,0,0,0,20,NA,98,""
"321","Donald Driver","GNB","WR",37,13,1,0,0,0,0,0,0,0,0,13,8,77,2,20,NA,129,""
"322","Will Johnson","PIT","RB",23,16,7,0,0,0,0,0,2,7,0,26,15,137,1,20,NA,95,""
"323","Chris Ogbonnaya","CLE","RB",26,15,1,0,0,0,0,0,8,30,0,32,24,187,0,20,NA,99,""
"324","Armando Allen","CHI","RB",23,15,0,0,0,0,0,0,27,124,1,3,2,16,0,20,NA,97,""
"325","Curtis Brinkley","SDG","RB",27,10,1,0,0,0,0,0,39,115,0,15,12,77,0,19,NA,100,""
"326","Kris Durham","DET","WR",24,4,3,0,0,0,0,0,0,0,0,21,8,125,1,19,NA,131,""
"327","Marlon Moore","MIA","WR",25,14,2,0,0,0,0,0,1,9,0,5,6,116,1,19,NA,130,""
"328","Tandon Doss","BAL","WR",23,14,0,0,0,0,0,0,0,0,0,17,7,123,1,18,NA,132,""
"329","Byron Leftwich","PIT","QB",32,2,1,25,53,272,0,1,1,31,1,0,0,0,0,18,NA,42,""
"330","Tyrod Taylor","BAL","QB",23,7,0,17,29,179,0,1,14,73,1,0,0,0,0,18,NA,41,""
"331","Joe McKnight","NYJ","RB",24,15,0,0,0,0,0,0,30,179,0,2,1,18,0,18,NA,101,""
"332","Devin Aromashodu","MIN","WR",28,15,0,0,0,0,0,0,0,0,0,22,11,182,0,18,NA,133,""
"333","Ryan Williams","ARI","RB",22,5,3,0,0,0,0,0,58,164,0,10,7,44,0,17,NA,104,""
"334","Jed Collins","NOR","RB",26,15,7,0,0,0,0,0,0,0,0,16,14,70,2,17,NA,103,""
"335","Jason Campbell","CHI","QB",31,6,1,32,51,265,2,2,7,28,0,0,0,0,0,17,NA,43,""
"336","Brian Leonard","CIN","RB",28,15,0,0,0,0,0,0,33,106,0,15,11,67,0,17,NA,102,""
"337","Jeremy Stewart","OAK","RB",23,4,0,0,0,0,0,0,25,101,0,8,8,62,0,16,NA,105,""
"338","Charlie Batch","PIT","QB",38,2,2,45,70,475,1,4,0,0,0,0,0,0,0,15,NA,44,""
"339","Shaun Hill","DET","QB",32,1,0,10,13,172,2,0,1,-1,0,0,0,0,0,15,NA,45,""
"340","Deion Branch","NWE","WR",33,10,4,0,0,0,0,0,0,0,0,29,16,145,0,15,NA,135,""
"341","LaMichael James","SFO","RB",23,4,0,0,0,0,0,0,27,125,0,5,3,29,0,15,NA,107,""
"342","Rishard Matthews","MIA","WR",23,8,1,0,0,0,0,0,0,0,0,20,11,151,0,15,NA,134,""
"343","Leon Washington","SEA","RB",30,16,0,0,0,0,0,0,23,83,1,8,4,31,0,15,NA,106,""
"344","Danny Ware","TAM","RB",27,16,1,0,0,0,0,0,11,51,0,20,14,100,0,15,NA,109,""
"345","Dion Lewis","PHI","RB",22,9,0,0,0,0,0,0,13,69,1,2,2,24,0,15,NA,108,""
"346","Erik Lorig","TAM","RB",26,16,7,0,0,0,0,0,0,0,0,19,12,83,1,14,NA,110,""
"347","Gary Barnidge","CAR","TE",27,16,5,0,0,0,0,0,0,0,0,5,6,78,1,14,NA,55,""
"348","Brian Hoyer","ARI","QB",27,2,1,30,53,330,1,2,1,6,0,0,0,0,0,14,NA,46,""
"349","Jordan Norwood","CLE","WR",26,2,0,0,0,0,0,0,1,1,0,19,13,137,0,14,NA,137,""
"350","Matthew Mulligan","STL","WR",27,16,9,0,0,0,0,0,0,0,0,12,8,84,1,14,NA,136,""
"351","Mewelde Moore","IND","RB",30,9,0,0,0,0,0,0,13,20,0,8,6,77,1,14,NA,112,""
"352","Baron Batch","PIT","RB",25,12,0,0,0,0,0,0,25,49,1,5,4,31,0,14,NA,111,""
"353","Stanley Havili","PHI","RB",25,15,2,0,0,0,0,0,6,22,1,12,7,43,0,13,NA,115,""
"354","Lee Smith","BUF","WR",25,16,7,0,0,0,0,0,0,0,0,4,4,13,2,13,NA,138,""
"355","Henry Hynoski","NYG","RB",24,16,11,0,0,0,0,0,5,20,0,15,11,50,1,13,NA,114,""
"356","Ryan Lindley","ARI","QB",23,6,4,89,171,752,0,7,4,7,0,0,0,0,0,13,NA,47,""
"357","Anthony Allen","BAL","RB",24,16,0,0,0,0,0,0,16,61,1,4,2,12,0,13,NA,113,""
"358","Cole Beasley","DAL","WR",23,10,0,0,0,0,0,0,0,0,0,24,15,128,0,13,NA,140,""
"359","Leonard Pope","PIT","TE",29,16,2,0,0,0,0,0,0,0,0,4,3,9,2,13,NA,57,""
"360","Kevin Boss","KAN","TE",28,2,2,0,0,0,0,0,0,0,0,3,3,65,1,13,NA,58,""
"361","Steve Smith","STL","WR",27,9,2,0,0,0,0,0,0,0,0,25,14,131,0,13,NA,139,""
"362","Jeff King","ARI","TE",29,16,12,0,0,0,0,0,0,0,0,29,17,129,0,13,NA,56,""
"363","Armanti Edwards","CAR","WR",24,16,0,0,1,0,0,0,0,0,0,9,5,121,0,12,NA,142,""
"364","Greg McElroy","NYJ","QB",24,2,1,19,31,214,1,1,8,30,0,0,0,0,0,12,NA,48,""
"365","Kealoha Pilares","CAR","WR",24,8,0,0,0,0,0,0,1,17,0,4,2,42,1,12,NA,143,""
"366","Donte' Stallworth","NWE","WR",32,1,0,0,0,0,0,0,0,0,0,2,1,63,1,12,NA,141,""
"367","Lawrence Vickers","DAL","RB",29,16,6,0,0,0,0,0,3,11,0,15,13,104,0,12,NA,117,""
"368","Keith Toston","JAX","RB",25,5,1,0,0,0,0,0,17,74,0,4,3,41,0,12,NA,116,""
"369","John Phillips","DAL","TE",25,16,9,0,0,0,0,0,0,0,0,10,8,55,1,12,NA,60,""
"370","Tim Tebow","NYJ","TE",25,12,2,6,8,39,0,0,32,102,0,1,0,0,0,12,NA,59,""
"371","Michael Hoomanawanui","NWE","TE",24,14,6,0,0,0,0,0,0,0,0,7,5,109,0,11,NA,61,""
"372","Josh Cooper","CLE","WR",23,6,0,0,0,0,0,0,0,0,0,19,8,106,0,11,NA,145,""
"373","Kevin Elliott","JAX","WR",24,13,1,0,0,0,0,0,0,0,0,31,10,108,0,11,NA,144,""
"374","Lance Dunbar","DAL","RB",22,12,0,0,0,0,0,0,21,75,0,12,6,33,0,11,NA,118,""
"375","Brian Robiskie","DET","WR",25,6,0,0,0,0,0,0,0,0,0,6,4,44,1,10,NA,146,""
"376","Stephen Burton","MIN","WR",23,12,1,0,0,0,0,0,0,0,0,11,5,35,1,10,NA,149,""
"377","Thaddeus Lewis","CLE","QB",25,1,1,22,32,204,1,1,1,3,0,0,0,0,0,10,NA,49,""
"378","Drew Davis","ATL","WR",23,16,0,0,0,0,0,0,0,0,0,5,4,40,1,10,NA,148,""
"379","Kyle Orton","DAL","QB",30,1,0,9,10,89,1,0,0,0,0,0,0,0,0,10,NA,50,""
"380","Plaxico Burress","PIT","WR",35,4,3,0,0,0,0,0,0,0,0,7,3,42,1,10,NA,147,""
"381","Bear Pascoe","NYG","RB",26,15,3,0,0,0,0,0,0,0,0,9,4,35,1,10,NA,121,""
"382","Orson Charles","CIN","TE",21,16,6,0,0,0,0,0,0,0,0,10,8,101,0,10,NA,62,""
"383","Bruce Miller","SFO","RB",25,16,13,0,0,0,0,0,5,18,0,13,12,84,0,10,NA,120,""
"384","Phillip Tanner","DAL","RB",24,14,0,0,0,0,0,0,25,61,0,5,4,41,0,10,NA,119,""
"385","Matt Willis","DEN","WR",28,15,0,0,0,0,0,0,0,0,0,22,10,90,0,9,NA,150,""
"386","Colt McCoy","CLE","QB",26,3,0,9,17,79,1,0,4,15,0,0,0,0,0,9,NA,52,""
"387","James Hanna","DAL","TE",23,16,2,0,0,0,0,0,0,0,0,11,8,86,0,9,NA,66,""
"388","David Ausberry","OAK","TE",25,16,0,0,0,0,0,0,0,0,0,12,7,92,0,9,NA,64,""
"389","Todd Heap","ARI","TE",32,2,1,0,0,0,0,0,0,0,0,13,8,94,0,9,NA,63,""
"390","Dorin Dickerson","BUF","RB",24,12,0,0,0,0,0,0,1,-8,0,15,9,117,0,9,NA,123,""
"391","Matt Moore","MIA","QB",28,2,0,11,19,131,1,0,5,-3,0,3,0,0,0,9,NA,51,""
"392","Richard Murphy","JAX","RB",26,5,0,0,0,0,0,0,23,92,0,1,0,0,0,9,NA,122,""
"393","Matt Spaeth","CHI","TE",29,16,8,0,0,0,0,0,0,0,0,10,6,28,1,9,NA,65,""
"394","Daniel Fells","NWE","WR",29,13,4,0,0,0,0,0,0,0,0,10,4,85,0,9,NA,151,""
"395","Nate Byham","TAM","TE",24,11,2,0,0,0,0,0,0,0,0,4,3,18,1,8,NA,69,""
"396","Michael Palmer","ATL","TE",24,13,2,0,0,0,0,0,0,0,0,6,6,22,1,8,NA,68,""
"397","Terrance Copper","KAN","WR",30,15,0,0,0,0,0,0,1,1,0,12,8,79,0,8,NA,153,""
"398","Jason Hill","NYJ","WR",27,4,0,0,0,0,0,0,0,0,0,3,2,15,1,8,NA,154,""
"399","DeVier Posey","HOU","WR",23,11,0,0,0,0,0,0,1,-3,0,14,6,87,0,8,NA,152,""
"400","Konrad Reuland","NYJ","TE",25,16,3,0,0,0,0,0,0,0,0,16,11,83,0,8,NA,67,""
"401","Guy Whimper","JAX","TE",29,16,6,0,0,0,0,0,0,0,0,3,2,11,1,7,NA,70,""
"402","David Reed","BAL","WR",25,5,0,0,0,0,0,0,0,0,0,6,5,66,0,7,NA,159,""
"403","Brandon Jackson","CLE","RB",27,2,0,0,0,0,0,0,8,54,0,4,2,20,0,7,NA,124,""
"404","Jabar Gaffney","MIA","WR",32,3,0,0,0,0,0,0,0,0,0,10,4,68,0,7,NA,158,""
"405","Jamar Newsome","KAN","WR",25,6,2,0,0,0,0,0,0,0,0,16,5,73,0,7,NA,156,""
"406","Steve Breaston","KAN","WR",29,10,4,0,0,0,0,0,0,0,0,15,7,74,0,7,NA,155,""
"407","Ben Obomanu","SEA","WR",29,8,0,0,0,0,0,0,1,11,0,9,4,58,0,7,NA,157,""
"408","Darius Reynaud","TEN","RB",28,16,0,0,0,0,0,0,16,33,0,10,5,35,0,7,NA,128,""
"409","Kahlil Bell","2TM","RB",26,7,0,0,0,0,0,0,29,76,0,2,2,13,0,7,NA,127,""
"410","Le'Ron McClain","SDG","RB",28,16,9,0,0,0,0,0,14,42,0,10,8,29,0,7,NA,126,""
"411","Greg Jones","JAX","RB",31,12,4,0,0,0,0,0,5,8,0,14,11,64,0,7,NA,125,""
"412","Rhett Ellison","MIN","RB",24,16,7,0,0,0,0,0,0,0,0,9,7,65,0,7,NA,129,""
"413","Richard Gordon","OAK","TE",25,13,1,0,0,0,0,0,0,0,0,7,2,9,1,7,NA,71,""
"414","Lavelle Hawkins","TEN","WR",26,7,1,0,0,0,0,0,0,0,0,11,5,62,0,6,NA,161,""
"415","Ladarius Green","SDG","TE",22,4,1,0,0,0,0,0,0,0,0,4,4,56,0,6,NA,74,""
"416","Michael Preston","TEN","WR",23,4,0,0,0,0,0,0,0,0,0,6,5,59,0,6,NA,162,""
"417","D.J. Williams","GNB","TE",24,13,2,0,0,0,0,0,0,0,0,15,7,57,0,6,NA,73,""
"418","Lex Hilliard","2TM","RB",28,14,9,0,0,0,0,0,9,33,0,9,4,23,0,6,NA,132,""
"419","Cyrus Gray","KAN","RB",23,10,0,0,0,0,0,0,7,44,0,3,2,18,0,6,NA,130,""
"420","Virgil Green","DEN","WR",24,12,2,0,0,0,0,0,0,0,0,6,5,63,0,6,NA,160,""
"421","Mike Johnson","ATL","TE",25,16,1,0,0,0,0,0,0,0,0,1,1,1,1,6,NA,72,""
"422","Chris Pressley","CIN","RB",26,14,7,0,0,0,0,0,0,0,0,3,1,1,1,6,NA,131,""
"423","Seyi Ajirotutu","SDG","WR",25,3,1,0,0,0,0,0,0,0,0,4,3,45,0,5,NA,166,""
"424","Josh Cribbs","CLE","WR",29,16,2,0,0,0,0,0,6,42,0,11,7,63,0,5,NA,167,""
"425","Brandon Banks","WAS","WR",25,12,0,0,0,0,0,0,7,36,0,8,8,15,0,5,NA,165,""
"426","Roy Helu","WAS","RB",24,3,0,0,0,0,0,0,2,2,0,7,7,45,0,5,NA,134,""
"427","Quinn Johnson","TEN","RB",26,16,8,0,0,0,0,0,4,5,0,8,5,40,0,5,NA,135,""
"428","Isaiah Pead","STL","RB",23,15,1,0,0,0,0,0,10,54,0,4,3,16,0,5,NA,133,""
"429","David Paulson","PIT","TE",23,16,5,0,0,0,0,0,0,0,0,11,7,51,0,5,NA,75,""
"430","Taylor Thompson","TEN","TE",23,16,4,0,0,0,0,0,0,0,0,14,6,46,0,5,NA,80,""
"431","Alex Smith","CLE","TE",30,12,2,0,0,0,0,0,0,0,0,18,13,47,0,5,NA,79,""
"432","Randy McMichael","SDG","TE",33,16,10,0,0,0,0,0,0,0,0,13,9,51,0,5,NA,78,""
"433","Steve Maneri","KAN","TE",24,13,8,0,0,0,0,0,0,0,0,12,5,51,0,5,NA,76,""
"434","Devon Wylie","KAN","WR",24,6,1,0,0,0,0,0,0,0,0,12,6,53,0,5,NA,164,""
"435","Garrett Celek","SFO","TE",24,13,0,0,0,0,0,0,0,0,0,7,4,51,0,5,NA,77,""
"436","Ryan Whalen","CIN","WR",23,9,0,0,0,0,0,0,0,0,0,12,7,53,0,5,NA,163,""
"437","John Carlson","MIN","WR",28,14,6,0,0,0,0,0,0,0,0,14,8,43,0,4,NA,169,""
"438","Kyle Adams","CHI","TE",24,15,2,0,0,0,0,0,0,0,0,8,4,40,0,4,NA,81,""
"439","Anthony Sherman","ARI","RB",24,13,4,0,0,0,0,0,0,0,0,8,5,39,0,4,NA,136,""
"440","Arrelious Benn","TAM","WR",24,8,1,0,0,0,0,0,3,16,0,6,4,26,0,4,NA,170,""
"441","Ruvell Martin","BUF","WR",30,14,0,0,0,0,0,0,0,0,0,6,4,41,0,4,NA,173,""
"442","Toney Clemons","JAX","WR",24,4,0,0,0,0,0,0,0,0,0,11,3,41,0,4,NA,172,""
"443","Charly Martin","SEA","WR",28,4,1,0,0,0,0,0,0,0,0,6,4,42,0,4,NA,171,""
"444","Jerome Felton","MIN","RB",26,16,7,0,0,0,0,0,0,0,0,4,3,35,0,4,NA,138,""
"445","Nate Eachus","KAN","RB",22,11,2,0,0,0,0,0,5,18,0,3,1,19,0,4,NA,137,""
"446","Greg Camarillo","NOR","WR",30,5,0,0,0,0,0,0,0,0,0,5,4,44,0,4,NA,168,""
"447","Bernard Scott","CIN","RB",28,2,0,0,0,0,0,0,8,35,0,0,0,0,0,4,NA,139,""
"448","Kris Adams","IND","WR",25,3,0,0,0,0,0,0,0,0,0,8,2,26,0,3,NA,181,""
"449","Jarrett Boykin","GNB","WR",23,10,0,0,0,0,0,0,0,0,0,6,5,27,0,3,NA,179,""
"450","Ben Hartsock","CAR","TE",32,15,5,0,0,0,0,0,0,0,0,3,2,30,0,3,NA,83,""
"451","Mike McNeill","STL","TE",24,14,1,0,0,0,0,0,0,0,0,7,4,31,0,3,NA,82,""
"452","Jerrel Jernigan","NYG","WR",23,9,0,0,0,0,0,0,1,6,0,5,3,22,0,3,NA,178,""
"453","Eric Weems","CHI","WR",27,16,1,0,0,0,0,0,0,0,0,4,2,27,0,3,NA,180,""
"454","Jermaine Kearse","SEA","WR",22,7,1,0,0,0,0,0,0,0,0,7,3,31,0,3,NA,176,""
"455","Matt Leinart","OAK","QB",29,2,0,16,33,115,0,1,0,0,0,0,0,0,0,3,NA,54,""
"456","T.J. Yates","HOU","QB",25,4,0,4,10,38,0,1,2,-1,1,0,0,0,0,3,NA,53,""
"457","Taiwan Jones","OAK","RB",24,14,0,0,0,0,0,0,6,21,0,2,2,11,0,3,NA,141,""
"458","David Nelson","BUF","WR",26,1,1,0,0,0,0,0,0,0,0,5,2,31,0,3,NA,175,""
"459","Travaris Cadet","NOR","RB",23,13,0,0,0,0,0,0,1,5,0,8,5,44,0,3,NA,142,""
"460","Johnny White","2TM","RB",24,7,0,0,0,0,0,0,8,34,0,0,0,0,0,3,NA,140,""
"461","Andre Caldwell","DEN","WR",27,8,0,0,0,0,0,0,1,14,0,4,1,18,0,3,NA,174,""
"462","Deonte Thompson","BAL","WR",23,6,0,0,0,0,0,0,0,0,0,6,5,51,0,3,NA,177,""
"463","Javon Ringer","TEN","RB",25,2,0,0,0,0,0,0,2,14,0,5,3,12,0,3,NA,143,""
"464","Mardy Gilyard","2TM","WR",26,8,0,0,0,0,0,0,0,0,0,6,2,15,0,2,NA,184,""
"465","Derek Anderson","CAR","QB",29,2,0,4,4,58,0,0,0,0,0,0,0,0,0,2,NA,56,""
"466","Chris Owusu","TAM","WR",22,5,0,0,0,0,0,0,0,0,0,4,1,24,0,2,NA,182,""
"467","Alfonso Smith","ARI","RB",25,11,0,0,0,0,0,0,0,0,0,3,2,21,0,2,NA,145,""
"468","Kregg Lumpkin","NYG","RB",28,5,0,0,0,0,0,0,9,42,0,2,0,0,0,2,NA,144,""
"469","Evan Rodriguez","CHI","RB",24,12,5,0,0,0,0,0,0,0,0,8,4,21,0,2,NA,146,""
"470","Collin Mooney","TEN","RB",26,2,0,0,0,0,0,0,5,19,0,0,0,0,0,2,NA,147,""
"471","Dezmon Briscoe","WAS","WR",23,7,0,0,0,0,0,0,1,1,0,5,2,22,0,2,NA,183,""
"472","Dan Orlovsky","TAM","QB",29,1,0,4,7,51,0,0,0,0,0,0,0,0,0,2,NA,59,""
"473","Cory Harkey","STL","TE",22,5,0,0,0,0,0,0,0,0,0,2,1,21,0,2,NA,84,""
"474","Jake O'Connell","KAN","TE",27,8,0,0,0,0,0,0,0,0,0,3,3,18,0,2,NA,85,""
"475","Hayden Smith","NYJ","TE",27,5,0,0,0,0,0,0,0,0,0,1,1,16,0,2,NA,86,""
"476","Weslye Saunders","IND","TE",23,11,4,0,0,0,0,0,0,0,0,4,2,15,0,2,NA,88,""
"477","Jim Dray","ARI","TE",26,13,0,0,0,0,0,0,0,0,0,2,2,15,0,2,NA,87,""
"478","Chase Daniel","NOR","QB",26,16,0,1,1,10,0,0,3,17,0,0,0,0,0,2,NA,58,""
"479","Matt Flynn","SEA","QB",27,3,0,5,9,68,0,0,4,-5,0,0,0,0,0,2,NA,57,""
"480","Bruce Gradkowski","CIN","QB",29,2,0,5,11,65,0,0,4,-2,0,0,0,0,0,2,NA,55,""
"481","Robert Hughes","IND","RB",23,5,1,0,0,0,0,0,1,5,0,1,1,3,0,1,NA,156,""
"482","Reagan Maui'a","ARI","RB",28,3,1,0,0,0,0,0,0,0,0,1,1,7,0,1,NA,158,""
"483","Sammie Stroughter","TAM","WR",26,2,0,0,0,0,0,0,0,0,0,2,1,14,0,1,NA,185,""
"484","Jordan Todman","JAX","RB",22,1,0,0,0,0,0,0,3,8,0,1,1,0,0,1,NA,154,""
"485","Lousaka Polite","ATL","RB",31,6,5,0,0,0,0,0,0,0,0,7,1,8,0,1,NA,155,""
"486","Dan Herron","CIN","RB",23,3,0,0,0,0,0,0,4,5,0,1,0,0,0,1,NA,160,""
"487","Corey McIntyre","BUF","RB",33,16,3,0,0,0,0,0,0,0,0,2,1,9,0,1,NA,152,""
"488","Da'Rel Scott","NYG","RB",24,4,0,0,0,0,0,0,6,9,0,0,0,0,0,1,NA,153,""
"489","Brandon Jacobs","SFO","RB",30,2,0,0,0,0,0,0,5,7,0,0,0,0,0,1,NA,157,""
"490","Shaun Chapas","DET","RB",24,3,1,0,0,0,0,0,0,0,0,2,1,6,0,1,NA,159,""
"491","Jordan White","NYJ","WR",24,3,0,0,0,0,0,0,0,0,0,3,1,13,0,1,NA,186,""
"492","Andre Holmes","DAL","WR",24,7,0,0,0,0,0,0,0,0,0,2,2,11,0,1,NA,188,""
"493","Courtney Roby","NOR","WR",29,13,0,0,0,0,0,0,0,0,0,2,1,9,0,1,NA,189,""
"494","LaRon Byrd","ARI","WR",23,4,0,0,0,0,0,0,0,0,0,2,1,8,0,1,NA,190,""
"495","Dane Sanzenbacher","2TM","WR",24,7,2,0,0,0,0,0,0,0,0,3,1,7,0,1,NA,193,""
"496","Preston Parker","TAM","WR",25,2,0,0,0,0,0,0,1,7,0,2,0,0,0,1,NA,191,""
"497","David Gilreath","PIT","WR",24,3,0,0,0,0,0,0,1,7,0,2,0,0,0,1,NA,192,""
"498","Austin Collie","IND","WR",27,1,0,0,0,0,0,0,0,0,0,1,1,6,0,1,NA,194,""
"499","Anthony Armstrong","2TM","WR",29,6,0,0,0,0,0,0,0,0,0,9,3,12,0,1,NA,187,""
"500","Stefan Logan","DET","RB",31,16,0,0,0,0,0,0,3,17,0,7,6,28,0,1,NA,162,""
"501","Will Ta'ufo'ou","JAX","RB",26,6,1,0,0,0,0,0,0,0,0,1,1,5,0,1,NA,161,""
"502","Matt Asiata","MIN","RB",25,16,0,0,0,0,0,0,3,9,0,1,1,2,0,1,NA,150,""
"503","Chris Gronkowski","DEN","RB",26,14,0,0,0,0,0,0,0,0,0,1,1,11,0,1,NA,151,""
"504","Kellen Winslow","NWE","TE",29,1,0,0,0,0,0,0,0,0,0,2,1,12,0,1,NA,90,""
"505","Zach Potter","JAX","TE",26,16,5,0,0,0,0,0,0,0,0,7,2,6,0,1,NA,96,""
"506","Allen Reisner","2TM","TE",24,6,2,0,0,0,0,0,0,0,0,2,1,13,0,1,NA,89,""
"507","Tommy Gallarda","ATL","TE",24,9,0,0,0,0,0,0,0,0,0,4,1,7,0,1,NA,95,""
"508","Ryan Taylor","GNB","TE",25,16,1,0,0,0,0,0,0,0,0,1,1,11,0,1,NA,91,""
"509","Chase Coffman","ATL","TE",26,5,0,0,0,0,0,0,0,0,0,1,1,11,0,1,NA,92,""
"510","Dominique Jones","IND","TE",25,4,1,0,0,0,0,0,0,0,0,1,1,8,0,1,NA,93,""
"511","Chris Cooley","WAS","TE",30,9,2,0,0,0,0,0,0,0,0,3,1,8,0,1,NA,94,""
"512","Rusty Smith","TEN","QB",25,1,0,3,5,34,0,0,0,0,0,0,0,0,0,1,NA,60,""
"513","Tyler Thigpen","BUF","QB",28,4,0,3,5,30,0,0,1,-1,0,0,0,0,0,1,NA,61,""
"514","Trent Edwards","PHI","QB",29,1,0,2,2,14,0,0,0,0,0,1,0,0,0,1,NA,62,""
"515","Isaiah Stanback","JAX","TE",28,6,0,0,0,0,0,0,0,0,0,1,1,6,0,1,NA,97,""
"516","Jonathan Grimes","3TM","RB",23,11,2,0,0,0,0,0,2,6,0,2,2,7,0,1,NA,148,""
"517","Evan Moore","2TM","TE",27,15,1,0,0,0,0,0,0,0,0,8,1,6,0,1,NA,98,""
"518","Keiland Williams","2TM","RB",26,14,0,0,0,0,0,0,2,3,0,2,2,9,0,1,NA,149,""
"519","Nick Toon","NOR","",24,NA,NA,0,0,0,0,0,0,0,0,NA,0,0,0,NA,NA,212,""
"520","Jeff Maehl","HOU","",23,NA,NA,0,0,0,0,0,0,0,0,NA,0,0,0,NA,NA,204,""
"521","Lance Long","DET","",27,NA,NA,0,0,0,0,0,0,0,0,NA,0,0,0,NA,NA,201,""
"522","Luke McCown","ATL","QB",31,2,0,0,0,0,0,0,2,-3,0,0,0,0,0,NA,NA,83,""
"523","James Rodgers","ATL","",24,NA,NA,0,0,0,0,0,0,0,0,NA,0,0,0,NA,NA,229,""
"524","Matt Slater","NWE","",27,16,0,0,0,0,0,0,0,0,0,0,0,0,0,NA,NA,220,""
"525","Gerrell Robinson","ARI","",23,NA,NA,0,0,0,0,0,0,0,0,NA,0,0,0,NA,NA,249,""
"526","Kamar Aiken","NWE","",23,1,0,0,0,0,0,0,0,0,0,NA,0,0,0,NA,NA,203,""
"527","Taylor Price","JAX","",25,NA,NA,0,0,0,0,0,0,0,0,NA,0,0,0,NA,NA,208,""
"528","Josh Bellamy","KAN","",23,3,0,0,0,0,0,0,0,0,0,0,0,0,0,NA,NA,230,""
"529","Jared Green","CAR","",23,NA,NA,0,0,0,0,0,0,0,0,NA,0,0,0,NA,NA,222,""
"530","Jeremy Ebert","NWE","",23,NA,NA,0,0,0,0,0,0,0,0,NA,0,0,0,NA,NA,206,""
"531","B.J. Cunningham","PHI","",23,NA,NA,0,0,0,0,0,0,0,0,NA,0,0,0,NA,NA,247,""
"532","Derek Moye","PIT","",24,NA,NA,0,0,0,0,0,0,0,0,NA,0,0,0,NA,NA,243,""
"533","Derek Carrier","PHI","",22,NA,NA,0,0,0,0,0,0,0,0,NA,0,0,0,NA,NA,214,""
"534","Greg Childs","MIN","",22,NA,NA,0,0,0,0,0,0,0,0,NA,0,0,0,NA,NA,228,""
"535","Griff Whalen","IND","",22,NA,NA,0,0,0,0,0,0,0,0,NA,0,0,0,NA,NA,232,""
"536","Kevin Cone","ATL","",24,12,0,0,0,0,0,0,0,0,0,1,0,0,0,NA,NA,237,""
"537","Jeff Fuller","MIA","",22,NA,NA,0,0,0,0,0,0,0,0,NA,0,0,0,NA,NA,196,""
"538","Danny Coale","DAL","",24,NA,NA,0,0,0,0,0,0,0,0,NA,0,0,0,NA,NA,210,""
"539","Dale Moss","CHI","",24,NA,NA,0,0,0,0,0,0,0,0,NA,0,0,0,NA,NA,245,""
"540","Elbert Mack","NOR","",26,7,2,0,0,0,0,0,0,0,0,0,0,0,0,NA,NA,251,""
"541","Tommy Streeter","BAL","",23,NA,NA,0,0,0,0,0,0,0,0,NA,0,0,0,NA,NA,198,""
"542","Dominique Curry","DET","",25,NA,NA,0,0,0,0,0,0,0,0,NA,0,0,0,NA,NA,200,""
"543","Marcus Jackson","ATL","",23,NA,NA,0,0,0,0,0,0,0,0,NA,0,0,0,NA,NA,216,""
"544","Richard Goodman","SDG","",25,7,0,0,0,0,0,0,0,0,0,2,0,0,0,NA,NA,221,""
"545","Brian Tyms","MIA","",23,NA,NA,0,0,0,0,0,0,0,0,NA,0,0,0,NA,NA,195,""
"546","Duke Calhoun","OAK","",25,NA,NA,0,0,0,0,0,0,0,0,NA,0,0,0,NA,NA,236,""
"547","Marvin McNutt","PHI","",23,4,0,0,0,0,0,0,0,0,0,2,0,0,0,NA,NA,235,""
"548","Caleb Hanie","DEN","",27,NA,NA,0,0,0,0,0,0,0,0,NA,0,0,0,NA,NA,75,""
"549","Kellen Moore","DET","",23,NA,NA,0,0,0,0,0,0,0,0,NA,0,0,0,NA,NA,73,""
"550","B.J. Coleman","GNB","",24,NA,NA,0,0,0,0,0,0,0,0,NA,0,0,0,NA,NA,69,""
"551","Chandler Harnish","IND","",24,NA,NA,0,0,0,0,0,0,0,0,NA,0,0,0,NA,NA,71,""
"552","Nick Stephens","DAL","",25,NA,NA,0,0,0,0,0,0,0,0,NA,0,0,0,NA,NA,79,""
"553","Charlie Whitehurst","SDG","",30,NA,NA,0,0,0,0,0,0,0,0,NA,0,0,0,NA,NA,68,""
"554","Case Keenum","HOU","",24,NA,NA,0,0,0,0,0,0,0,0,NA,0,0,0,NA,NA,76,""
"555","Jordan Palmer","JAX","",28,NA,NA,0,0,0,0,0,0,0,0,NA,0,0,0,NA,NA,66,""
"556","Drew Stanton","IND","",28,NA,NA,0,0,0,0,0,0,0,0,NA,0,0,0,NA,NA,81,""
"557","Matt Blanchard","CHI","",23,NA,NA,0,0,0,0,0,0,0,0,NA,0,0,0,NA,NA,65,""
"558","Kellen Clemens","STL","QB",29,2,0,1,3,39,0,1,2,5,0,0,0,0,0,NA,NA,64,""
"559","David Carr","NYG","QB",33,2,0,2,3,19,0,0,3,-3,0,0,0,0,0,NA,NA,63,""
"560","Richie Brockel","CAR","",26,16,0,0,0,0,0,0,0,0,0,1,0,0,0,NA,NA,7,""
"561","Emil Igwenagu","PHI","",23,3,1,0,0,0,0,0,0,0,0,0,0,0,0,NA,NA,2,""
"562","Eddie Williams","CLE","",25,NA,NA,0,0,0,0,0,0,0,0,NA,0,0,0,NA,NA,6,""
"563","Bradie Ewing","ATL","",23,NA,NA,0,0,0,0,0,0,0,0,NA,0,0,0,NA,NA,3,""
"564","Jamize Olawale","OAK","",23,3,0,0,0,0,0,0,0,0,0,0,0,0,0,NA,NA,5,""
"565","Josh McCown","CHI","",33,NA,NA,0,0,0,0,0,0,0,0,NA,0,0,0,NA,NA,70,""
"566","Dominique Davis","ATL","",23,1,0,0,0,0,0,0,0,0,0,NA,0,0,0,NA,NA,77,""
"567","Alex Tanney","KAN","",25,NA,NA,0,0,0,0,0,0,0,0,NA,0,0,0,NA,NA,72,""
"568","Junior Hemingway","KAN","",24,1,0,0,0,0,0,0,0,0,0,NA,0,0,0,NA,NA,213,""
"569","Kashif Moore","2TM","",24,NA,NA,0,0,0,0,0,0,0,0,NA,0,0,0,NA,NA,242,""
"570","George Wilson","BUF","",31,16,16,0,0,0,0,0,0,0,0,0,0,0,0,NA,NA,226,""
"571","Tray Session","OAK","",25,NA,NA,0,0,0,0,0,0,0,0,NA,0,0,0,NA,NA,244,""
"572","Greg Salas","2TM","",24,1,0,0,0,0,0,0,0,0,0,NA,0,0,0,NA,NA,239,""
"573","Bert Reed","PIT","",24,NA,NA,0,0,0,0,0,0,0,0,NA,0,0,0,NA,NA,218,""
"574","Phil Bates","SEA","",23,NA,NA,0,0,0,0,0,0,0,0,NA,0,0,0,NA,NA,202,""
"575","Kerry Meier","ATL","",26,NA,NA,0,0,0,0,0,0,0,0,NA,0,0,0,NA,NA,246,""
"576","Ricardo Lockette","SFO","",26,NA,NA,0,0,0,0,0,0,0,0,NA,0,0,0,NA,NA,211,""
"577","Legedu Naanee","MIA","WR",29,4,1,0,0,0,0,0,0,0,0,5,1,19,0,NA,NA,254,""
"578","Joe Webb","MIN","QB",26,1,0,0,0,0,0,0,1,-1,0,0,0,0,0,NA,NA,82,""
"579","Trindon Holliday","2TM","WR",26,15,0,0,0,0,0,0,0,0,0,2,2,17,0,NA,NA,255,""
"580","Nathan Palmer","IND","WR",23,5,0,0,0,0,0,0,0,0,0,4,1,-4,0,NA,NA,256,""
"581","Rex Grossman","WAS","",32,NA,NA,0,0,0,0,0,0,0,0,NA,0,0,0,NA,NA,67,""
"582","Dennis Dixon","BAL","",27,NA,NA,0,0,0,0,0,0,0,0,NA,0,0,0,NA,NA,74,""
"583","Austin Davis","STL","",23,NA,NA,0,0,0,0,0,0,0,0,NA,0,0,0,NA,NA,80,""
"584","Jimmy Clausen","CAR","",25,NA,NA,0,0,0,0,0,0,0,0,NA,0,0,0,NA,NA,78,""
"585","Owen Marecic","CLE","",24,10,2,0,0,0,0,0,0,0,0,5,0,0,0,NA,NA,1,""
"586","Michael Smith","TAM","",24,1,0,0,0,0,0,0,0,0,0,0,0,0,0,NA,NA,191,""
"587","Nelson Rosario","CAR","",23,NA,NA,0,0,0,0,0,0,0,0,NA,0,0,0,NA,NA,133,""
"588","Brandon Bostick","GNB","",23,NA,NA,0,0,0,0,0,0,0,0,NA,0,0,0,NA,NA,124,""
"589","Chase Ford","2TM","",22,NA,NA,0,0,0,0,0,0,0,0,NA,0,0,0,NA,NA,118,""
"590","Larry Donnell","NYG","",24,NA,NA,0,0,0,0,0,0,0,0,NA,0,0,0,NA,NA,127,""
"591","Matt Veldman","JAX","",24,NA,NA,0,0,0,0,0,0,0,0,NA,0,0,0,NA,NA,128,""
"592","Adam Nissley","ATL","",24,NA,NA,0,0,0,0,0,0,0,0,NA,0,0,0,NA,NA,111,""
"593","Brad Herman","NWE","",23,NA,NA,0,0,0,0,0,0,0,0,NA,0,0,0,NA,NA,114,""
"594","Deangelo Peterson","WAS","",23,NA,NA,0,0,0,0,0,0,0,0,NA,0,0,0,NA,NA,120,""
"595","Bryce Davis","CIN","",23,NA,NA,0,0,0,0,0,0,0,0,NA,0,0,0,NA,NA,104,""
"596","Jake Byrne","HOU","",22,NA,NA,0,0,0,0,0,0,0,0,NA,0,0,0,NA,NA,136,""
"597","Josh Vaughan","ATL","",26,NA,NA,0,0,0,0,0,0,0,0,NA,0,0,0,NA,NA,174,""
"598","Jeremiah Johnson","DEN","",25,NA,NA,0,0,0,0,0,0,0,0,NA,0,0,0,NA,NA,193,""
"599","Joe Banyard","MIN","",24,NA,NA,0,0,0,0,0,0,0,0,NA,0,0,0,NA,NA,165,""
"600","Bobby Rainey","BAL","",25,NA,NA,0,0,0,0,0,0,0,0,NA,0,0,0,NA,NA,175,""
"601","Owen Schmitt","OAK","RB",27,13,4,0,0,0,0,0,2,1,0,0,0,0,0,NA,NA,164,""
"602","Marcus Thigpen","MIA","RB",26,16,0,0,0,0,0,0,1,8,0,2,1,15,0,NA,NA,163,""
"603","Visanthe Shiancoe","NWE","",32,4,0,0,0,0,0,0,0,0,0,1,0,0,0,NA,NA,113,""
"604","Brad Smelley","CLE","TE",23,2,0,0,0,0,0,0,0,0,0,1,1,3,0,NA,NA,99,""
"605","Brian Jennings","SFO","",36,16,0,0,0,0,0,0,0,0,0,NA,0,0,0,NA,NA,109,""
"606","Michael Higgins","NOR","TE",25,2,1,0,0,0,0,0,0,0,0,1,1,-3,0,NA,NA,137,""
"607","Martin Rucker","KAN","",27,NA,NA,0,0,0,0,0,0,0,0,NA,0,0,0,NA,NA,126,""
"608","Clark Harris","CIN","",28,16,0,0,0,0,0,0,0,0,0,NA,0,0,0,NA,NA,132,""
"609","Andrew Szczerba","ATL","",24,NA,NA,0,0,0,0,0,0,0,0,NA,0,0,0,NA,NA,117,""
"610","Andrew Quarless","GNB","",24,NA,NA,0,0,0,0,0,0,0,0,NA,0,0,0,NA,NA,107,""
"611","Richard Quinn","CIN","",26,NA,NA,0,0,0,0,0,0,0,0,NA,0,0,0,NA,NA,100,""
"612","LaMark Brown","MIN","",23,NA,NA,0,0,0,0,0,0,0,0,NA,0,0,0,NA,NA,108,""
"613","Will Yeatman","MIA","",24,4,0,0,0,0,0,0,0,0,0,NA,0,0,0,NA,NA,121,""
"614","Mickey Shuler","OAK","",26,NA,NA,0,0,0,0,0,0,0,0,NA,0,0,0,NA,NA,119,""
"615","Travis Beckum","NYG","",25,4,0,0,0,0,0,0,0,0,0,1,0,0,0,NA,NA,123,""
"616","Michael Egnew","MIA","",23,2,0,0,0,0,0,0,0,0,0,NA,0,0,0,NA,NA,105,""
"617","Danny Noble","TAM","",23,4,0,0,0,0,0,0,0,0,0,NA,0,0,0,NA,NA,102,""
"618","Cameron Morrah","SEA","",25,NA,NA,0,0,0,0,0,0,0,0,NA,0,0,0,NA,NA,125,""
"619","Phillip Supernaw","HOU","",22,NA,NA,0,0,0,0,0,0,0,0,NA,0,0,0,NA,NA,106,""
"620","Nate Solder","NWE","",24,16,16,0,0,0,0,0,0,0,0,0,0,0,0,NA,NA,134,""
"621","Adrien Robinson","NYG","",24,2,0,0,0,0,0,0,0,0,0,NA,0,0,0,NA,NA,110,""
"622","Brandon Barden","TEN","",23,3,0,0,0,0,0,0,0,0,0,0,0,0,0,NA,NA,129,""
"623","Mike Leach","ARI","",36,16,0,0,0,0,0,0,0,0,0,NA,0,0,0,NA,NA,130,""
"624","Julius Thomas","DEN","",24,4,0,0,0,0,0,0,0,0,0,NA,0,0,0,NA,NA,115,""
"625","Billy Bajema","BAL","",30,8,1,0,0,0,0,0,0,0,0,1,0,0,0,NA,NA,131,""
"626","Kory Sperry","ARI","",27,1,0,0,0,0,0,0,0,0,0,NA,0,0,0,NA,NA,112,""
"627","Jeron Mastrud","MIA","",25,14,1,0,0,0,0,0,0,0,0,NA,0,0,0,NA,NA,122,""
"628","Drake Dunsmore","TAM","",24,NA,NA,0,0,0,0,0,0,0,0,NA,0,0,0,NA,NA,103,""
"629","Sean McGrath","SEA","",25,2,0,0,0,0,0,0,0,0,0,NA,0,0,0,NA,NA,135,""
"630","Cooper Helfet","SEA","",23,NA,NA,0,0,0,0,0,0,0,0,NA,0,0,0,NA,NA,101,""
"631","Jake Ballard","NWE","",25,NA,NA,0,0,0,0,0,0,0,0,NA,0,0,0,NA,NA,116,""
"632","Chad Hall","SFO","",26,1,0,0,0,0,0,0,0,0,0,NA,0,0,0,NA,NA,223,""
"633","Chris Givens","NOR","",23,NA,NA,0,0,0,0,0,0,0,0,NA,0,0,0,NA,NA,197,""
"634","Lamont Bryant","CAR","",24,NA,NA,0,0,0,0,0,0,0,0,NA,0,0,0,NA,NA,207,""
"635","Joe Anderson","CHI","",24,3,0,0,0,0,0,0,0,0,0,0,0,0,0,NA,NA,252,""
"636","Troy Burrell","DET","",23,NA,NA,0,0,0,0,0,0,0,0,NA,0,0,0,NA,NA,209,""
"637","Patrick Turner","NYJ","",25,2,0,0,0,0,0,0,0,0,0,5,0,0,0,NA,NA,248,""
"638","Kassim Osgood","DET","",32,16,0,0,0,0,0,0,0,0,0,0,0,0,0,NA,NA,199,""
"639","Jerrell Jackson","JAX","",22,1,0,0,0,0,0,0,0,0,0,NA,0,0,0,NA,NA,253,""
"640","Mike Willie","SDG","",22,NA,NA,0,0,0,0,0,0,0,0,NA,0,0,0,NA,NA,215,""
"641","Armond Smith","CAR","RB",26,4,0,0,0,0,0,0,3,0,0,0,0,0,0,NA,NA,178,""
"642","Chris Polk","PHI","",23,7,0,0,0,0,0,0,0,0,0,0,0,0,0,NA,NA,171,""
"643","Deon Butler","SEA","",26,1,0,0,0,0,0,0,0,0,0,NA,0,0,0,NA,NA,250,""
"644","Brittan Golden","JAX","",24,NA,NA,0,0,0,0,0,0,0,0,NA,0,0,0,NA,NA,238,""
"645","A.J. Jenkins","SFO","",23,3,0,0,0,0,0,0,0,0,0,1,0,0,0,NA,NA,225,""
"646","Darius Hanks","WAS","",23,NA,NA,0,0,0,0,0,0,0,0,NA,0,0,0,NA,NA,241,""
"647","Tim Benford","DAL","",23,NA,NA,0,0,0,0,0,0,0,0,NA,0,0,0,NA,NA,224,""
"648","Saalim Hakim","NOR","",22,NA,NA,0,0,0,0,0,0,0,0,NA,0,0,0,NA,NA,219,""
"649","Adrian Arrington","NOR","",27,NA,NA,0,0,0,0,0,0,0,0,NA,0,0,0,NA,NA,217,""
"650","Vincent Brown","SDG","",23,NA,NA,0,0,0,0,0,0,0,0,NA,0,0,0,NA,NA,227,""
"651","Royce Pollard","NYJ","",23,NA,NA,0,0,0,0,0,0,0,0,NA,0,0,0,NA,NA,234,""
"652","David Douglas","TAM","",23,1,0,0,0,0,0,0,0,0,0,NA,0,0,0,NA,NA,205,""
"653","David Gettis","CAR","",25,2,0,0,0,0,0,0,0,0,0,NA,0,0,0,NA,NA,231,""
"654","Chris Summers","MIN","",23,NA,NA,0,0,0,0,0,0,0,0,NA,0,0,0,NA,NA,233,""
"655","Mike Brown","JAX","",23,2,1,0,0,0,0,0,0,0,0,1,0,0,0,NA,NA,240,""
"656","Lonyae Miller","BAL","",24,NA,NA,0,0,0,0,0,0,0,0,NA,0,0,0,NA,NA,172,""
"657","John Conner","2TM","",25,5,2,0,0,0,0,0,0,0,0,2,0,0,0,NA,NA,188,""
"658","Antone Smith","ATL","",27,13,0,0,0,0,0,0,0,0,0,1,0,0,0,NA,NA,189,""
"659","Tony Fiammetta","NWE","",26,NA,NA,0,0,0,0,0,0,0,0,NA,0,0,0,NA,NA,170,""
"660","Javarris James","ARI","",25,NA,NA,0,0,0,0,0,0,0,0,NA,0,0,0,NA,NA,179,""
"661","Jeff Demps","NWE","",22,NA,NA,0,0,0,0,0,0,0,0,NA,0,0,0,NA,NA,186,""
"662","Jerome Harrison","DET","",29,NA,NA,0,0,0,0,0,0,0,0,NA,0,0,0,NA,NA,167,""
"663","Tauren Poole","CAR","",23,NA,NA,0,0,0,0,0,0,0,0,NA,0,0,0,NA,NA,169,""
"664","Allen Bradford","SEA","",24,1,0,0,0,0,0,0,0,0,0,0,0,0,0,NA,NA,183,""
"665","Jewel Hampton","SFO","",23,NA,NA,0,0,0,0,0,0,0,0,NA,0,0,0,NA,NA,168,""
"666","Derrick Coleman","SEA","",22,NA,NA,0,0,0,0,0,0,0,0,NA,0,0,0,NA,NA,185,""
"667","Fozzy Whittaker","ARI","",23,NA,NA,0,0,0,0,0,0,0,0,NA,0,0,0,NA,NA,184,""
"668","Terrance Ganaway","STL","",24,3,0,0,0,0,0,0,0,0,0,NA,0,0,0,NA,NA,173,""
"669","Javarris Williams","WAS","",26,NA,NA,0,0,0,0,0,0,0,0,NA,0,0,0,NA,NA,176,""
"670","Davin Meggett","IND","",22,NA,NA,0,0,0,0,0,0,0,0,NA,0,0,0,NA,NA,187,""
"671","Darren Evans","TEN","",24,1,0,0,0,0,0,0,0,0,0,NA,0,0,0,NA,NA,192,""
"672","Alvester Alexander","2TM","",22,NA,NA,0,0,0,0,0,0,0,0,NA,0,0,0,NA,NA,190,""
"673","Ryan Torain","NYG","",26,2,0,0,0,0,0,0,0,0,0,0,0,0,0,NA,NA,166,""
"674","Jahvid Best","DET","",23,NA,NA,0,0,0,0,0,0,0,0,NA,0,0,0,NA,NA,177,""
"675","Devin Moore","DET","",27,NA,NA,0,0,0,0,0,0,0,0,NA,0,0,0,NA,NA,181,""
"676","Jonas Gray","MIA","",22,NA,NA,0,0,0,0,0,0,0,0,NA,0,0,0,NA,NA,182,""
"677","Edwin Baker","SDG","",21,NA,NA,0,0,0,0,0,0,0,0,NA,0,0,0,NA,NA,180,""
"678","Brock Osweiler","DEN","QB",22,5,0,2,4,12,0,0,8,-13,0,0,0,0,0,-1,NA,84,""
"679","Ted Ginn","SFO","WR",27,13,0,0,0,0,0,0,1,7,0,2,2,1,0,-1,NA,257,""
"680","Dedrick Epps","NYJ","TE",24,3,0,0,0,0,0,0,0,0,0,1,1,9,0,-1,NA,138,""
"681","Graham Harrell","GNB","QB",27,4,0,2,4,20,0,0,4,-3,0,0,0,0,0,-2,NA,85,""
"682","Josh Johnson","CLE","",26,1,0,0,0,0,0,0,0,0,0,0,0,0,0,-2,NA,86,""
"683","Ryan Mallett","NWE","QB",24,4,0,1,4,17,0,1,8,-9,0,0,0,0,0,-2,NA,87,""
"684","Joe Adams","CAR","WR",23,9,0,0,0,0,0,0,3,13,0,1,1,7,0,-4,NA,258,""
