,,,,,Games,Games,Passing,Passing,Passing,Passing,Passing,Rushing,Rushing,Rushing,Rushing,Receiving,Receiving,Receiving,Receiving,Receiving,Fantasy,Fantasy,Fantasy,Fantasy,Fantasy,Fantasy
Rk,,Tm,FantPos,Age,G,GS,Cmp,Att,Yds,TD,Int,Att,Yds,Y/A,TD,Tgt,Rec,Yds,Y/R,TD,FantPt?,DKPt,FDPt,VBD,PosRank,OvRank
1,Aaron Rodgers*+\RodgAa00,GNB,QB,28,15,15,343,502,4643,45,6,60,257,4.28,3,0,0,0,,0,399,406.9,398.4,171,1,1
2,Drew Brees*\BreeDr00,NOR,QB,32,16,16,468,657,5476,46,14,21,86,4.1,1,0,0,0,,0,396,412.1,408.6,167,2,2
3,Cam Newton*\NewtCa00,CAR,QB,22,16,16,310,517,4051,21,17,126,706,5.6,14,1,1,27,27,0,375,394.8,385.8,147,3,5
4,Tom Brady*\BradTo00,NWE,QB,34,16,16,401,611,5235,39,12,43,109,2.53,3,0,0,0,,0,370,385.3,376.3,142,4,7
5,Matthew Stafford\StafMa00,DET,QB,23,16,16,421,663,5038,41,16,22,78,3.55,0,0,0,0,,0,347,361.8,356.3,119,5,9
6,Ray Rice*\RiceRa00,BAL,RB,24,16,16,1,1,1,1,0,291,1364,4.69,12,104,76,704,9.26,3,301,381.8,336.8,152,1,3
7,Eli Manning*\MannEl00,NYG,QB,30,16,16,359,589,4933,29,16,35,15,0.43,1,0,0,0,,0,289,303.8,296.8,60,6,21
8,LeSean McCoy*+\McCoLe01,PHI,RB,23,15,15,0,0,0,0,0,273,1309,4.79,17,69,48,315,6.56,3,282,335.9,305.4,134,2,8
9,Tony Romo\RomoTo00,DAL,QB,31,16,16,346,522,4184,31,10,22,46,2.09,1,0,0,0,,0,282,291.5,285,53,7,24
10,Matt Ryan\RyanMa00,ATL,QB,26,16,16,347,566,4177,29,12,37,84,2.27,2,0,0,0,,0,281,292,286.5,53,8,25
11,Calvin Johnson*+\JohnCa00,DET,WR,26,16,16,0,0,0,0,0,1,11,11,0,158,96,1681,17.51,16,267,363.7,312.2,148,1,4
12,Philip Rivers*\RivePh00,SDG,QB,30,16,16,366,582,4624,27,20,26,36,1.38,1,0,0,0,,0,265,283.1,275.6,36,9,35
13,Maurice Jones-Drew*+\DrewMa00,JAX,RB,26,16,16,0,0,0,0,0,343,1606,4.68,8,64,43,374,8.7,3,264,310,279.5,115,3,10
14,Arian Foster*\FostAr00,HOU,RB,25,13,13,0,0,0,0,0,278,1224,4.4,10,72,53,617,11.64,2,256,312.1,276.6,108,4,11
15,Mark Sanchez\SancMa00,NYJ,QB,25,16,16,308,543,3474,26,18,37,103,2.78,6,0,0,0,,0,255,272.3,261.3,26,10,49
16,Rob Gronkowski*+\GronRo00,NWE,TE,22,16,16,0,0,0,0,0,1,2,2,1,124,90,1327,14.74,17,241,333.9,285.9,143,1,6
17,Michael Vick\VickMi00,PHI,QB,31,13,13,253,423,3303,18,14,76,589,7.75,1,0,0,0,,0,241,256,245,12,11,62
18,Ryan Fitzpatrick\FitzRy00,BUF,QB,29,16,16,353,569,3832,24,23,56,215,3.84,0,0,0,0,,0,229,252.3,242.8,,12,77
19,Ben Roethlisberger*\RoetBe00,PIT,QB,29,15,15,324,513,4077,21,14,31,70,2.26,0,0,0,0,,0,226,238.6,231.1,,13,
20,Josh Freeman\FreeJo00,TAM,QB,23,15,15,346,551,3592,16,22,55,238,4.33,4,1,0,-4,,0,225,238.6,228.1,,14,
21,Marshawn Lynch*\LyncMa00,SEA,RB,25,15,15,0,2,0,0,0,285,1204,4.22,12,41,28,212,7.57,1,220,252.1,230.6,71,5,16
22,Michael Turner\TurnMi00,ATL,RB,29,16,15,0,0,0,0,0,301,1340,4.45,11,26,17,168,9.88,0,217,238.3,222.3,68,6,19
23,Jordy Nelson\NelsJo00,GNB,WR,26,16,9,0,0,0,0,0,0,0,,0,96,68,1263,18.57,15,216,287.3,250.3,97,2,13
24,Alex Smith\SmitAl03,SFO,QB,27,16,16,273,445,3144,17,5,52,179,3.44,2,0,0,0,,0,216,223.2,213.7,,15,
25,Wes Welker*+\WelkWe00,NWE,WR,30,16,15,0,0,0,0,0,4,30,7.5,0,173,122,1569,12.86,9,214,338.4,273.9,95,3,14
26,Joe Flacco\FlacJo00,BAL,QB,26,16,16,312,542,3610,20,12,39,88,2.26,1,1,1,-8,-8,0,214,224.9,215.9,,16,
27,Andy Dalton*\DaltAn00,CIN,QB,24,16,16,300,516,3398,20,13,37,152,4.11,1,1,0,0,,0,213,227.6,219.1,,18,
28,Tim Tebow\TeboTi00,DEN,QB,24,14,11,126,271,1729,12,6,122,660,5.41,6,0,0,0,,0,213,216.2,203.2,,17,
29,Victor Cruz\CruzVi00,NYG,WR,25,16,7,0,0,0,0,0,1,3,3,0,131,82,1536,18.73,9,208,292.4,247.9,89,4,15
30,Jimmy Graham*\GrahJi00,NOR,TE,25,16,11,0,0,0,0,0,0,0,,0,149,99,1310,13.23,11,197,298.5,245.5,99,2,12
31,Matt Hasselbeck\HassMa00,TEN,QB,36,16,16,319,518,3571,18,14,20,52,2.6,0,0,0,0,,0,192,207,202,,19,
32,Ryan Mathews*\MathRy00,SDG,RB,24,14,14,0,0,0,0,0,222,1091,4.91,6,59,50,455,9.1,0,191,244.1,210.6,42,7,29
33,Larry Fitzgerald*\FitzLa00,ARI,WR,28,16,16,0,0,0,0,0,0,0,,0,154,80,1411,17.64,8,189,272.1,229.1,70,5,17
34,Steve Smith*\SmitSt01,CAR,WR,32,16,16,0,0,0,0,0,6,56,9.33,0,129,79,1394,17.65,7,189,269.5,225.5,70,6,18
35,Adrian Peterson\PeteAd01,MIN,RB,26,12,12,0,0,0,0,0,208,970,4.66,12,24,18,139,7.72,1,189,212.4,196.9,40,8,31
36,Michael Bush\BushMi00,OAK,RB,27,16,9,0,0,0,0,0,256,977,3.82,7,47,37,418,11.3,1,188,230,205,39,9,33
37,Darren Sproles\SproDa00,NOR,RB,28,16,4,0,0,0,0,0,87,603,6.93,2,111,86,710,8.26,7,187,282.8,233.3,39,10,34
38,Steven Jackson\JackSt00,STL,RB,28,15,15,0,0,0,0,0,260,1145,4.4,5,58,42,333,7.93,1,184,230.8,202.8,35,11,36
39,Frank Gore*\GoreFr00,SFO,RB,28,16,15,0,0,0,0,0,282,1211,4.29,8,31,17,114,6.71,0,183,202.5,187,34,12,38
40,Reggie Bush\BushRe00,MIA,RB,26,15,15,0,0,0,0,0,216,1086,5.03,6,52,43,296,6.88,1,180,227.2,197.7,32,13,42
41,Percy Harvin\HarvPe00,MIN,WR,23,16,14,0,0,0,0,0,52,345,6.63,2,121,87,967,11.11,6,179,277.2,226.7,60,7,20
42,Roddy White*\WhitRo00,ATL,WR,30,16,16,0,0,0,0,0,0,0,,0,180,100,1296,12.96,8,178,280.6,227.6,59,8,22
43,Fred Jackson\JackFr02,BUF,RB,30,10,10,0,0,0,0,0,170,934,5.49,6,50,39,442,11.33,0,174,217.6,191.1,25,14,50
44,Mike Wallace*\WallMi00,PIT,WR,25,16,14,0,0,0,0,0,5,57,11.4,0,114,72,1193,16.57,8,173,247.5,208,54,9,23
45,Matt Forte*\FortMa00,CHI,RB,26,12,12,0,1,0,0,0,203,997,4.91,3,76,52,490,9.42,1,173,229.7,196.7,24,15,51
46,Tarvaris Jackson\JackTa00,SEA,QB,28,15,14,271,450,3091,14,13,40,108,2.7,1,0,0,0,,0,172,184.9,174.4,,20,
47,Chris Johnson\JohnCh04,TEN,RB,26,16,16,0,0,0,0,0,262,1047,4,4,79,57,418,7.33,0,171,232,196,22,16,54
48,Vincent Jackson*\JackVi00,SDG,WR,28,16,16,0,0,0,0,0,3,51,17,0,115,60,1106,18.43,9,170,232.7,199.7,51,10,26
49,Beanie Wells\WellCh00,ARI,RB,23,14,14,0,0,0,0,0,245,1047,4.27,10,16,10,52,5.2,0,170,180.9,170.9,21,17,55
50,Matt Moore\MoorMa01,MIA,QB,27,13,12,210,347,2497,16,9,32,65,2.03,2,0,0,0,,0,166,169.4,159.4,,21,
51,Colt McCoy\McCoCo00,CLE,QB,25,13,13,265,463,2733,14,11,61,212,3.48,0,1,1,-5,-5,0,166,176.5,164.5,,22,
52,Shonn Greene\GreeSh00,NYJ,RB,26,16,15,0,0,0,0,0,253,1054,4.17,6,41,30,211,7.03,0,163,198,176.5,14,18,58
53,Marques Colston\ColsMa00,NOR,WR,28,14,7,0,0,0,0,0,0,0,,0,107,80,1143,14.29,8,162,244.8,201.3,43,11,27
54,Rashard Mendenhall\MendRa00,PIT,RB,24,15,15,0,0,0,0,0,228,928,4.07,9,28,18,154,8.56,0,162,185.7,170.2,14,19,60
55,Hakeem Nicks\NickHa01,NYG,WR,23,15,15,0,0,0,0,0,0,0,,0,133,76,1192,15.68,7,161,240.2,199.2,42,12,28
56,Brandon Marshall*\MarsBr00,MIA,WR,27,16,16,0,0,0,0,0,1,13,13,0,141,81,1214,14.99,6,161,242.2,198.2,42,13,30
57,Ahmad Bradshaw\BradAh00,NYG,RB,25,12,9,0,0,0,0,0,171,659,3.85,9,44,34,267,7.85,2,161,200.1,176.6,12,20,63
58,Matt Schaub\SchaMa00,HOU,QB,30,10,10,178,292,2479,15,6,15,9,0.6,2,0,0,0,,0,160,167.6,163.1,,23,
59,Rex Grossman\GrosRe00,WAS,QB,31,13,13,265,458,3151,16,20,20,11,0.55,1,0,0,0,,0,159,176.1,169.1,,24,
60,Willis McGahee*\McGaWi00,DEN,RB,30,15,14,0,0,0,0,0,249,1199,4.82,4,20,12,51,4.25,1,157,170,159,8,21,67
61,A.J. Green*\GreeA.00,CIN,WR,23,15,15,0,0,0,0,0,5,53,10.6,0,115,65,1057,16.26,7,153,220.5,184.5,34,14,37
62,Laurent Robinson\RobiLa01,DAL,WR,26,14,4,0,0,0,0,0,0,0,,0,80,54,858,15.89,11,152,208.8,178.8,33,15,39
63,Mike Tolbert\TolbMi00,SDG,RB,26,15,1,0,0,0,0,0,121,490,4.05,8,79,54,433,8.02,2,152,211.3,177.3,4,22,71
64,Nate Washington\WashNa00,TEN,WR,28,16,15,0,0,0,0,0,2,5,2.5,1,121,74,1023,13.82,7,151,227.8,187.8,32,16,41
65,Cedric Benson\BensCe00,CIN,RB,29,15,15,0,0,0,0,0,273,1067,3.91,6,22,15,82,5.47,0,151,166.4,153.4,2,23,73
66,Julio Jones\JoneJu02,ATL,WR,22,13,13,0,0,0,0,0,6,56,9.33,0,95,54,959,17.76,8,150,206,175.5,31,17,43
67,Greg Jennings*\JennGr00,GNB,WR,28,13,13,0,0,0,0,0,0,0,,0,101,67,949,14.16,9,149,218.9,182.4,30,18,44
68,BenJarvus Green-Ellis\GreeBe00,NWE,RB,26,16,6,0,0,0,0,0,181,667,3.69,11,13,9,159,17.67,0,149,163.6,153.1,,24,
69,Dez Bryant\BryaDe01,DAL,WR,23,15,13,0,0,0,0,0,1,5,5,0,103,63,928,14.73,9,147,211.8,175.8,28,19,46
70,Dwayne Bowe\BoweDw00,KAN,WR,27,16,14,0,0,0,0,0,1,12,12,0,142,81,1159,14.31,5,147,230.6,186.6,28,20,47
71,Jonathan Stewart\StewJo00,CAR,RB,24,16,3,0,0,0,0,0,142,761,5.36,4,61,47,413,8.79,1,147,199.9,169.9,,25,
72,Steve Johnson\JohnSt00,BUF,WR,25,16,16,0,0,0,0,0,0,0,,0,134,76,1004,13.21,7,142,221.4,180.4,23,21,52
73,Jay Cutler\CutlJa00,CHI,QB,28,10,10,182,314,2319,13,7,18,55,3.06,1,0,0,0,,0,142,148.8,142.3,,25,
74,DeAngelo Williams\WillDe02,CAR,RB,28,16,14,0,0,0,0,0,155,836,5.39,7,25,16,135,8.44,0,139,161.1,147.1,,26,
75,Aaron Hernandez\HernAa00,NWE,TE,22,14,12,0,0,0,0,0,5,45,9,0,113,79,910,11.52,7,138,219,176,40,3,32
76,Carson Palmer\PalmCa00,OAK,QB,32,10,9,199,328,2753,13,16,16,20,1.25,1,0,0,0,,0,138,156.1,152.1,,26,
77,Pierre Thomas\ThomPi00,NOR,RB,27,16,7,0,0,0,0,0,110,562,5.11,5,59,50,425,8.5,1,137,189.7,157.7,,27,
78,Pierre Garcon\GarcPi00,IND,WR,25,16,16,0,0,0,0,0,4,28,7,0,134,70,947,13.53,6,134,205.5,166.5,15,22,57
79,Tony Gonzalez*\GonzTo00,ATL,TE,35,16,16,0,0,0,0,0,0,0,,0,116,80,875,10.94,7,130,212.5,169.5,32,4,40
80,Torrey Smith\SmitTo02,BAL,WR,22,16,14,0,0,0,0,0,4,39,9.75,0,95,50,841,16.82,7,130,182.5,154,11,23,64
81,Brandon Lloyd\LloyBr00,2TM,WR,30,15,14,0,1,0,0,0,0,0,,0,148,70,966,13.8,5,129,199.1,160.6,10,24,66
82,Ben Tate\TateBe00,HOU,RB,23,15,2,0,0,0,0,0,175,942,5.38,4,19,13,98,7.54,0,128,142,130.5,,28,
83,Jermichael Finley\FinlJe00,GNB,TE,24,16,13,0,0,0,0,0,0,0,,0,92,55,767,13.95,8,127,182.7,152.2,29,5,45
84,Antonio Brown*\BrowAn04,PIT,WR,23,16,3,0,0,0,0,0,7,41,5.86,0,124,69,1108,16.06,2,127,204.9,167.4,8,25,68
85,Jabar Gaffney\GaffJa00,WAS,WR,31,16,15,0,0,0,0,0,0,0,,0,114,68,947,13.93,5,125,195.2,157.7,6,26,69
86,Jason Witten\WittJa00,DAL,TE,29,16,16,0,0,0,0,0,0,0,,0,117,79,942,11.92,5,124,205.7,162.7,27,6,48
87,DeSean Jackson\JackDe00,PHI,WR,25,15,15,0,0,0,0,0,7,41,5.86,0,104,58,961,16.57,4,124,184.7,152.2,5,27,70
88,Blaine Gabbert\GabbBl00,JAX,QB,22,15,14,210,413,2214,12,11,48,98,2.04,0,0,0,0,,0,124,131.4,121.4,,27,
89,LeGarrette Blount\BlouLe00,TAM,RB,25,14,14,0,0,0,0,0,184,781,4.24,5,25,15,148,9.87,0,123,141.4,125.4,,29,
90,Darrius Heyward-Bey\HeywDa00,OAK,WR,24,15,13,0,0,0,0,0,0,0,,0,115,64,975,15.23,4,122,188,152.5,3,28,72
91,Christian Ponder\PondCh00,MIN,QB,23,11,10,158,291,1853,13,13,28,219,7.82,0,0,0,0,,0,122,138,129,,28,
92,Antonio Gates*\GateAn00,SDG,TE,31,13,13,0,0,0,0,0,0,0,,0,88,64,778,12.16,7,120,186.8,151.8,22,7,53
93,Reggie Wayne\WaynRe00,IND,WR,33,16,16,0,0,0,0,0,0,0,,0,132,75,960,12.8,4,120,198,157.5,1,29,74
94,Roy Helu\HeluRo00,WAS,RB,23,15,5,0,0,0,0,0,151,640,4.24,2,59,49,379,7.73,1,120,173.9,142.4,,31,
95,Brandon Jacobs\JacoBr00,NYG,RB,29,14,6,0,0,0,0,0,152,571,3.76,7,23,15,128,8.53,1,120,139.4,124.4,,32,
96,DeMarco Murray\MurrDe00,DAL,RB,23,13,7,0,0,0,0,0,164,897,5.47,2,35,26,183,7.04,0,120,151.5,132,,30,
97,C.J. Spiller\SpilC.00,BUF,WR,24,16,11,0,0,0,0,0,107,561,5.24,4,54,39,269,6.9,2,119,163,136.5,,30,
98,Santonio Holmes\HolmSa00,NYJ,WR,27,16,16,0,0,0,0,0,3,27,9,0,101,51,654,12.82,8,116,169.1,139.6,,31,
99,Jeremy Maclin\MaclJe00,PHI,WR,23,13,13,0,0,0,0,0,1,1,1,0,96,63,859,13.63,5,116,181.5,146.5,,32,
100,Malcom Floyd\FloyMa00,SDG,WR,30,12,9,0,0,0,0,0,0,0,,0,70,43,856,19.91,5,116,161.6,137.1,,33,
101,Lance Moore\MoorLa00,NOR,WR,28,14,7,0,0,0,0,0,0,0,,0,73,52,627,12.06,8,115,169.7,140.7,,34,
102,Vernon Davis\DaviVe00,SFO,TE,27,16,16,0,0,0,0,0,2,-5,-2.5,0,95,67,792,11.82,6,115,183.2,145.2,17,8,56
103,Michael Crabtree\CrabMi00,SFO,WR,24,15,14,0,0,0,0,0,1,6,6,0,115,72,874,12.14,4,114,189,150,,35,
104,Dustin Keller\KellDu00,NYJ,TE,27,16,12,0,0,0,0,0,0,0,,0,115,65,815,12.54,5,112,179,143,14,9,59
105,Brent Celek\CeleBr00,PHI,TE,26,16,16,0,0,0,0,0,0,0,,0,98,62,811,13.08,5,111,176.1,142.1,14,10,61
106,Plaxico Burress\BurrPl00,NYJ,WR,34,16,13,0,0,0,0,0,0,0,,0,96,45,612,13.6,8,109,157.2,131.7,,37,
107,Eric Decker\DeckEr00,DEN,WR,24,16,13,0,1,0,0,0,1,1,1,0,96,44,612,13.91,8,109,161.8,136.3,,36,
108,Brandon Pettigrew\PettBr00,DET,TE,26,16,16,0,0,0,0,0,0,0,,0,126,83,777,9.36,5,108,193.7,149.2,10,11,65
109,Anquan Boldin\BoldAn00,BAL,WR,31,14,14,0,0,0,0,0,0,0,,0,106,57,887,15.56,3,107,166.2,134.2,,38,
110,Darren McFadden\McFaDa00,OAK,RB,24,7,7,0,0,0,0,0,113,614,5.43,4,23,19,154,8.11,1,107,131.3,115.3,,33,
111,John Skelton\SkelJo00,ARI,QB,23,8,7,151,275,1913,11,14,28,128,4.57,0,0,0,0,,0,107,123.3,115.3,,29,
112,Kevin Kolb\KolbKe00,ARI,QB,27,9,9,146,253,1955,9,8,17,65,3.82,0,0,0,0,,0,107,111.7,104.7,,30,
113,James Jones\JoneJa04,GNB,WR,27,16,0,0,0,0,0,0,0,0,,0,55,38,635,16.71,7,106,146,123.5,,40,
114,Denarius Moore\MoorDe02,OAK,WR,23,13,10,0,0,0,0,0,5,61,12.2,1,76,33,618,18.73,5,106,139.4,119.4,,39,
115,Doug Baldwin\BaldDo00,SEA,WR,23,16,1,0,0,0,0,0,1,-2,-2,0,85,51,788,15.45,4,103,156.6,128.1,,41,
116,Donald Brown\BrowDo00,IND,RB,24,16,2,0,0,0,0,0,134,645,4.81,5,19,16,86,5.38,0,103,122.1,111.1,,34,
117,Nate Burleson\BurlNa00,DET,WR,30,16,11,0,0,0,0,0,11,85,7.73,0,110,73,757,10.37,3,102,177.7,137.7,,42,
118,Ryan Grant\GranRy00,GNB,RB,29,15,14,0,0,0,0,0,134,559,4.17,2,24,19,268,14.11,1,101,124.7,108.2,,35,
119,Sam Bradford\BradSa00,STL,QB,24,10,10,191,357,2164,6,6,18,26,1.44,0,0,0,0,,0,101,105.2,97.2,,31,
120,Miles Austin\AustMi00,DAL,WR,27,10,10,0,0,0,0,0,2,3,1.5,0,73,43,579,13.47,7,100,145.7,120.7,,44,
121,Robert Meachem\MeacRo00,NOR,WR,27,16,8,0,0,0,0,0,4,18,4.5,0,60,40,620,15.5,6,100,142.8,119.8,,46,
122,Titus Young\YounTi00,DET,WR,22,16,9,0,0,0,0,0,2,15,7.5,0,86,48,607,12.65,6,100,150.7,123.2,,43,
123,Deion Branch\BranDe00,NWE,WR,32,15,15,0,0,0,0,0,0,0,,0,90,51,702,13.76,5,100,154.2,125.7,,45,
124,Matt Cassel\CassMa00,KAN,QB,29,9,9,160,269,1713,10,9,25,99,3.96,0,1,1,-4,-4,0,100,110.5,104.5,,32,
125,Early Doucet\DoucEa00,ARI,WR,26,16,6,0,0,0,0,0,0,0,,0,97,54,689,12.76,5,99,155.4,124.9,,48,
126,Jerome Simpson\SimpJe00,CIN,WR,25,16,14,0,0,0,0,0,0,0,,0,105,50,725,14.5,4,99,149.5,121.5,,49,
127,Mike Williams\WillMi04,TAM,WR,24,16,15,0,0,0,0,0,1,3,3,0,124,65,771,11.86,3,99,162.4,125.9,,47,
128,David Nelson\NelsDa01,BUF,WR,25,16,13,0,0,0,0,0,0,0,,0,97,61,658,10.79,5,98,159.8,126.3,,50,
129,Fred Davis\DaviFr01,WAS,TE,25,12,12,0,0,0,0,0,0,0,,0,88,59,796,13.49,3,98,159.1,126.1,,12,
130,Jermaine Gresham*\GresJe00,CIN,TE,23,14,13,0,0,0,0,0,0,0,,0,92,56,596,10.64,6,96,154.1,122.6,,13,
131,Toby Gerhart\GerhTo00,MIN,RB,24,16,5,0,0,0,0,0,109,531,4.87,1,28,23,190,8.26,3,96,124.6,106.6,,36,
132,Kevin Smith\SmitKe02,DET,RB,25,7,4,0,0,0,0,0,72,356,4.94,4,28,22,179,8.14,3,96,123,105.5,,37,
133,Dexter McCluster\McClDe00,KAN,WR,23,16,4,0,0,0,0,0,114,516,4.53,1,64,46,328,7.13,1,96,146.4,115.4,,51,
134,Jared Cook\CookJa02,TEN,TE,24,16,5,0,0,0,0,0,0,0,,0,81,49,759,15.49,3,94,144.9,116.4,,15,
135,Kellen Winslow\WinsKe01,TAM,TE,28,16,15,0,0,0,0,0,0,0,,0,123,75,763,10.17,2,94,169.3,127.8,,14,
136,Steve Breaston\BreaSt00,KAN,WR,28,16,13,0,0,0,0,0,1,25,25,0,98,61,785,12.87,2,93,157,123.5,,52,
137,LaDainian Tomlinson\TomlLa00,NYJ,RB,32,14,1,0,0,0,0,0,75,280,3.73,1,61,42,449,10.69,2,91,138.9,111.9,,38,
138,Peyton Hillis\HillPe00,CLE,RB,25,10,9,0,0,0,0,0,161,587,3.65,3,34,22,130,5.91,0,90,116.7,98.7,,39,
139,Kyle Orton\OrtoKy00,2TM,QB,29,9,8,150,252,1758,9,9,11,13,1.18,0,0,0,0,,0,90,99.6,94.6,,33,
140,Damian Williams\WillDa04,TEN,WR,23,15,13,0,0,0,0,0,0,0,,0,94,45,592,13.16,5,89,137.2,111.7,,53,
141,Greg Olsen\OlseGr00,CAR,TE,26,16,13,0,0,0,0,0,0,0,,0,89,45,540,12,5,86,133.5,107.5,,16,
142,Owen Daniels\DaniOw00,HOU,TE,29,15,15,0,0,0,0,0,0,0,,0,85,54,677,12.54,3,86,142.7,112.7,,17,
143,Jahvid Best\BestJa00,DET,RB,22,6,6,0,0,0,0,0,84,390,4.64,2,40,27,287,10.63,1,86,118.7,99.2,,40,
144,Felix Jones\JoneFe00,DAL,RB,24,12,8,0,0,0,0,0,127,575,4.53,1,45,33,221,6.7,0,86,122.1,97.1,,41,
145,Johnny Knox\KnoxJo00,CHI,WR,25,14,11,0,0,0,0,0,0,0,,0,69,37,727,19.65,2,85,124.2,102.2,,54,
146,James Starks\StarJa00,GNB,RB,25,13,2,0,0,0,0,0,133,578,4.35,1,37,29,216,7.45,0,85,119.4,97.9,,42,
147,Jason Campbell\CampJa00,OAK,QB,30,6,6,100,165,1170,6,4,18,60,3.33,2,0,0,0,,0,85,86.3,81.8,,34,
148,Jake Ballard\BallJa21,NYG,TE,24,14,13,0,0,0,0,0,0,0,,0,61,38,604,15.89,4,84,125.4,103.4,,18,
149,Greg Little\LittGr00,CLE,WR,22,16,12,0,0,0,0,0,3,15,5,0,119,61,709,11.62,2,84,148.4,114.9,,55,
150,Ed Dickson\DickEd00,BAL,TE,24,16,16,0,0,0,0,0,0,0,,0,89,54,528,9.78,5,83,139.8,109.8,,19,
151,Marion Barber\BarbMa01,CHI,RB,28,11,1,0,0,0,0,0,114,422,3.7,6,9,5,50,10,0,83,90.7,84.7,,43,
152,Santana Moss\MossSa00,WAS,WR,32,12,12,0,0,0,0,0,0,0,,0,95,46,584,12.7,4,82,131.4,105.4,,56,
153,Mark Ingram\IngrMa01,NOR,RB,22,10,4,0,0,0,0,0,122,474,3.89,5,13,11,46,4.18,0,82,95.5,86.5,,44,
154,Donald Driver\DrivDo00,GNB,WR,36,16,15,0,0,0,0,0,0,0,,0,56,37,445,12.03,6,81,120.5,99,,57,
155,Demaryius Thomas\ThomDe03,DEN,WR,24,11,5,0,1,0,0,0,1,5,5,0,70,32,551,17.22,4,80,114.6,95.6,,58,
156,Curtis Painter\PainCu00,IND,QB,26,9,8,132,243,1541,6,9,17,107,6.29,0,0,0,0,,0,80,90.8,82.3,,35,
157,Brandon LaFell\LaFeBr00,CAR,WR,25,16,6,0,0,0,0,0,0,0,,0,56,36,613,17.03,3,79,118.3,97.3,,59,
158,Kendall Hunter\HuntKe00,SFO,RB,23,16,1,0,0,0,0,0,112,473,4.22,2,26,16,195,12.19,0,79,100.3,85.8,,45,
159,Jackie Battle\BattJa00,KAN,RB,28,15,4,0,0,0,0,0,149,597,4.01,2,13,9,68,7.56,0,79,90.5,83,,46,
160,Josh Cribbs\CribJo01,CLE,RB,28,16,7,0,0,0,0,0,7,25,3.57,0,67,41,518,12.63,4,78,126.8,101.8,,47,
161,Mario Manningham\MannMa01,NYG,WR,25,12,10,0,0,0,0,0,0,0,,0,77,39,523,13.41,4,76,118.3,95.8,,60,
162,Heath Miller\MillHe00,PIT,TE,29,16,16,0,0,0,0,0,1,6,6,0,74,51,631,12.37,2,76,129.2,100.2,,20,
163,Scott Chandler\ChanSc00,BUF,TE,26,14,9,0,0,0,0,0,0,0,,0,46,38,389,10.24,6,75,115.4,92.9,,22,
164,Dezmon Briscoe\BrisDe00,TAM,WR,22,16,2,0,0,0,0,0,0,0,,0,51,35,387,11.06,6,75,112.7,92.2,,61,
165,Anthony Fasano\FasaAn00,MIA,TE,27,15,15,0,0,0,0,0,0,0,,0,54,32,451,14.09,5,75,110.1,91.1,,21,
166,Jason Avant\AvanJa00,PHI,WR,28,16,7,0,0,0,0,0,0,0,,0,81,52,679,13.06,1,74,127.9,97.9,,62,
167,Isaac Redman\RedmIs20,PIT,RB,27,16,1,0,0,0,0,0,110,479,4.35,3,22,18,78,4.33,0,74,93.7,80.7,,48,
168,Tony Scheffler\ScheTo00,DET,TE,28,15,5,0,0,0,0,0,1,5,5,0,43,26,347,13.35,6,73,101.7,85.2,,23,
169,Preston Parker\ParkPr00,TAM,WR,24,16,0,0,0,0,0,0,1,-3,-3,0,65,40,554,13.85,3,73,112.1,85.1,,64,
170,Davone Bess\BessDa00,MIA,WR,26,16,4,0,0,0,0,0,2,9,4.5,0,86,51,537,10.53,3,73,124.1,93.1,,65,
171,Andre Roberts\RobeAn00,ARI,WR,23,16,16,0,0,0,0,0,3,27,9,0,98,51,586,11.49,2,73,126.8,97.8,,63,
172,Joel Dreessen\DreeJo00,HOU,TE,29,16,10,0,0,0,0,0,0,0,,0,39,28,353,12.61,6,71,102.3,85.3,,24,
173,Daniel Thomas\ThomDa03,MIA,RB,24,13,2,0,0,0,0,0,165,581,3.52,0,16,12,72,6,1,71,85.3,75.3,,49,
174,Jeremy Shockey\ShocJe00,CAR,TE,31,15,13,0,0,0,0,0,0,0,,0,62,37,455,12.3,4,70,108.5,86,,25,
175,Maurice Morris\MorrMa00,DET,RB,32,16,5,0,0,0,0,0,80,316,3.95,1,35,26,230,8.85,1,67,98.1,78.6,,51,
176,Lance Ball\BallLa00,DEN,RB,26,16,0,0,0,0,0,0,96,402,4.19,1,32,16,148,9.25,1,67,88,73,,50,
177,Kevin Walter\WaltKe00,HOU,WR,30,15,14,0,0,0,0,0,0,0,,0,59,39,474,12.15,3,65,107.4,84.9,,66,
178,Michael Jenkins\JenkMi00,MIN,WR,29,11,7,0,0,0,0,0,0,0,,0,55,38,466,12.26,3,65,104.6,81.6,,68,
179,Jacoby Jones\JoneJa03,HOU,WR,27,16,10,0,0,0,0,0,4,17,4.25,0,65,31,512,16.52,2,65,103.9,84.4,,67,
180,Ricky Williams\WillRi00,BAL,RB,34,16,0,0,0,0,0,0,108,444,4.11,2,20,13,83,6.38,0,65,79.7,69.2,,52,
181,Donovan McNabb\McNaDo00,MIN,QB,35,6,6,94,156,1026,4,2,14,59,4.21,1,0,0,0,,0,65,68.9,64.9,,36,
182,Dan Orlovsky\OrloDa00,IND,QB,28,8,5,122,193,1201,6,4,6,5,0.83,0,0,0,0,,0,65,68,61.5,,37,
183,Roy Williams\WillRo04,CHI,WR,30,15,9,0,0,0,0,0,0,0,,0,63,37,507,13.7,2,63,102.7,81.2,,71,
184,Devery Henderson\HendDe00,NOR,WR,29,16,13,0,0,0,0,0,1,9,9,0,50,32,503,15.72,2,63,97.7,78.2,,69,
185,Sidney Rice\RiceSi01,SEA,WR,25,9,9,1,1,55,0,0,2,3,1.5,0,57,32,484,15.13,2,63,97.4,77.9,,70,
186,Andre Johnson\JohnAn02,HOU,WR,30,7,7,0,0,0,0,0,1,8,8,0,51,33,492,14.91,2,62,98,78.5,,72,
187,Brian Hartline\HartBr00,MIA,WR,25,16,10,0,0,0,0,0,1,9,9,0,66,35,549,15.69,1,62,99.8,79.3,,73,
188,Arrelious Benn\BennAr00,TAM,WR,23,14,14,0,0,0,0,0,6,-7,-1.17,0,51,30,441,14.7,3,61,94.4,76.4,,74,
189,Danny Woodhead\WoodDa02,NWE,RB,26,15,4,0,0,0,0,0,77,351,4.56,1,31,18,157,8.72,0,61,84.3,68.8,,53,
190,Bernard Scott\ScotBe00,CIN,RB,27,16,1,0,1,0,0,0,112,380,3.39,3,17,13,38,2.92,0,60,75.8,66.3,,54,
191,Chad Henne\HennCh01,MIA,QB,26,4,4,64,112,868,4,4,15,112,7.47,1,0,0,0,,0,60,69.4,62.9,,38,
192,Visanthe Shiancoe\ShiaVi00,MIN,TE,31,16,14,0,0,0,0,0,0,0,,0,70,36,409,11.36,3,59,97.9,76.9,,26,
193,Dennis Pitta\PittDe00,BAL,TE,26,16,2,0,0,0,0,0,0,0,,0,56,40,405,10.13,3,59,101.5,78.5,,27,
194,Ben Obomanu\ObomBe00,SEA,WR,28,16,7,0,0,0,0,0,1,13,13,0,61,37,436,11.78,2,59,96.9,75.4,,76,
195,Austin Collie\CollAu00,IND,WR,26,16,5,0,0,0,0,0,0,0,,0,96,54,514,9.52,1,59,114.4,84.4,,75,
196,Joseph Addai\AddaJo00,IND,RB,28,12,11,0,0,0,0,0,118,433,3.67,1,22,15,93,6.2,0,59,76.1,65.1,,55,
197,Golden Tate\TateGo00,SEA,WR,23,16,5,0,0,0,0,0,5,14,2.8,0,58,35,382,10.91,3,58,95.1,74.1,,77,
198,Chris Ogbonnaya\OgboCh00,2TM,RB,25,13,4,0,0,0,0,0,76,340,4.47,1,31,23,165,7.17,0,57,84.5,66,,56,
199,Evan Moore\MoorEv00,CLE,TE,26,16,4,0,0,0,0,0,0,0,,0,46,34,324,9.53,4,56,93.4,73.4,,28,
200,Harry Douglas\DougHa00,ATL,WR,27,16,4,0,0,0,0,0,1,3,3,0,62,39,498,12.77,1,56,98.1,75.6,,78,
201,Legedu Naanee\NaanLe00,CAR,WR,28,15,10,1,1,27,0,0,0,0,,0,76,44,467,10.61,1,56,100.8,75.8,,79,
202,Kevin Boss\BossKe00,OAK,TE,27,14,11,0,0,0,0,0,0,0,,0,40,28,368,13.14,3,55,85.8,68.8,,29,
203,Jason Hill\HillJa00,JAX,WR,26,10,10,0,0,0,0,0,0,0,,0,55,25,367,14.68,3,55,82.7,67.2,,81,
204,Danario Alexander\AlexDa00,STL,WR,25,10,5,0,0,0,0,0,0,0,,0,60,26,431,16.58,2,55,84.1,68.1,,80,
205,Ben Watson\WatsBe00,CLE,TE,31,13,11,0,0,0,0,0,0,0,,0,70,37,410,11.08,2,53,93,71.5,,30,
206,Marcel Reece\ReecMa00,OAK,RB,26,12,6,0,0,0,0,0,17,112,6.59,0,36,27,301,11.15,2,53,85.8,65.8,,57,
207,Lavelle Hawkins\HawkLa00,TEN,WR,25,16,2,0,0,0,0,0,0,0,,0,77,47,470,10,1,53,102.5,75.5,,82,
208,Devin Aromashodu\AromDe00,MIN,WR,27,16,6,0,0,0,0,0,0,0,,0,84,26,468,18,1,53,81.3,64.8,,83,
209,Kahlil Bell\BellKa00,CHI,RB,25,13,3,0,0,0,0,0,79,337,4.27,0,23,19,133,7,1,53,76.5,59.5,,58,
210,John Beck\BeckJo00,WAS,QB,30,4,3,80,132,858,2,4,10,43,4.3,2,0,0,0,,0,53,58.1,53.6,,39,
211,LaRod Stephens-Howling\StepLa00,ARI,RB,24,14,1,0,0,0,0,0,43,167,3.88,0,17,13,234,18,2,52,71.1,58.6,,59,
212,John Kuhn*\KuhnJo00,GNB,RB,29,16,3,0,0,0,0,0,30,78,2.6,4,18,15,77,5.13,2,52,66,58,,63,
213,Tim Hightower\HighTi00,WAS,RB,25,5,5,0,0,0,0,0,84,321,3.82,1,15,10,78,7.8,1,52,64.9,56.9,,61,
214,Thomas Jones\JoneTh00,KAN,RB,33,16,8,0,0,0,0,0,153,478,3.12,0,7,5,43,8.6,0,52,60.1,54.6,,60,
215,Delone Carter\CartDe01,IND,RB,24,16,3,0,0,0,0,0,101,377,3.73,2,8,5,18,3.6,0,52,58,51,,62,
216,Kellen Davis\DaviKe01,CHI,TE,26,16,15,0,0,0,0,0,0,0,,0,35,18,206,11.44,5,51,71.6,59.6,,31,
217,Brandon Gibson\GibsBr00,STL,WR,24,15,9,0,0,0,0,0,2,16,8,0,71,36,431,11.97,1,51,89.7,68.7,,85,
218,Jacquizz Rodgers\RodgJa00,ATL,RB,21,16,0,0,0,0,0,0,57,205,3.6,1,27,21,188,8.95,1,51,77.8,60.8,,66,
219,Cadillac Williams\WillCa02,STL,RB,29,11,1,0,0,0,0,0,87,361,4.15,1,23,14,93,6.64,0,51,67.9,57.4,,64,
220,Stevan Ridley\RidlSt00,NWE,RB,22,16,2,0,0,0,0,0,87,441,5.07,1,5,3,13,4.33,0,51,56.9,51.9,,65,
221,Joe Webb\WebbJo00,MIN,WR,25,11,1,34,63,376,3,2,22,154,7,2,5,1,9,9,0,51,59.8,52.8,,84,
222,Andre Caldwell\CaldAn00,CIN,WR,26,13,2,0,0,0,0,0,0,0,,0,68,37,317,8.57,3,50,89.7,68.2,,88,
223,Mohamed Massaquoi\MassMo00,CLE,WR,25,14,13,0,0,0,0,0,0,0,,0,74,31,384,12.39,2,50,84.4,65.9,,86,
224,Hines Ward\WardHi00,PIT,WR,35,15,9,0,0,0,0,0,0,0,,0,63,46,381,8.28,2,50,98.6,72.1,,87,
225,T.J. Yates\YateT.00,HOU,QB,24,6,5,82,134,949,3,3,14,57,4.07,0,0,0,0,,0,50,53.2,47.7,,40,
226,Mike Thomas\ThomMi01,JAX,WR,24,15,13,0,0,0,0,0,3,11,3.67,0,91,44,415,9.43,1,49,95.1,69.6,,89,
227,Jake Locker\LockJa00,TEN,QB,23,5,0,34,66,542,4,0,8,56,7,1,0,0,0,,0,49,52.3,49.3,,41,
228,Kenny Britt\BritKe00,TEN,WR,23,3,3,0,0,0,0,0,0,0,,0,26,17,289,17,3,47,66.4,54.4,,90,
229,Jeff King\KingJe00,ARI,TE,28,16,10,0,0,0,0,0,0,0,,0,34,27,271,10.04,3,47,75.1,58.6,,33,
230,Dallas Clark\ClarDa00,IND,TE,32,11,10,0,0,0,0,0,0,0,,0,65,34,352,10.35,2,47,83.7,63.2,,32,
231,Marcedes Lewis\LewiMa00,JAX,TE,27,15,15,0,0,0,0,0,0,0,,0,85,39,460,11.79,0,46,88,65.5,,34,
232,Matt Flynn\FlynMa00,GNB,QB,26,5,1,33,49,518,6,2,13,-6,-0.46,1,0,0,0,,0,46,50.6,47.1,,42,
233,Dane Sanzenbacher\SanzDa00,CHI,WR,23,16,1,0,0,0,0,0,1,-4,-4,0,54,27,276,10.22,3,45,75.2,58.7,,92,
234,Kyle Williams\WillKy01,SFO,WR,23,13,1,0,0,0,0,0,2,32,16,0,31,20,241,12.05,3,45,67.3,53.3,,91,
235,Vincent Brown\BrowVi00,SDG,WR,22,14,4,0,0,0,0,0,0,0,,0,40,19,329,17.32,2,45,66.9,54.4,,93,
236,Daniel Fells\FellDa00,DEN,TE,28,16,15,0,0,0,0,0,0,0,,0,31,19,256,13.47,3,44,64.6,51.1,,35,
237,Earl Bennett\BennEa00,CHI,WR,24,11,4,0,0,0,0,0,0,0,,0,43,24,381,15.88,1,44,70.6,55.1,,94,
238,Randall Cobb\CobbRa00,GNB,WR,21,15,0,0,1,0,0,0,2,5,2.5,0,31,25,375,15,1,44,82.5,65.5,,95,
239,Jeremy Kerley\KerlJe00,NYJ,WR,23,14,1,1,1,41,0,0,5,28,5.6,0,47,29,314,10.83,1,44,72.3,53.3,,96,
240,Kyle Rudolph\RudoKy00,MIN,TE,22,15,8,0,0,0,0,0,0,0,,0,39,26,249,9.58,3,43,71.9,55.9,,36,
241,Donte' Stallworth\StalDo00,WAS,WR,31,11,0,0,0,0,0,0,2,1,0.5,0,38,22,309,14.05,2,43,68,54,,97,
242,Brad Smith\SmitBr01,BUF,WR,28,15,5,0,1,0,0,1,20,87,4.35,1,42,23,240,10.43,1,43,69.7,55.2,,98,
243,Javon Ringer\RingJa00,TEN,RB,24,12,0,0,0,0,0,0,59,185,3.14,1,36,28,187,6.68,0,43,76.7,56.2,,68,
244,Chris Ivory\IvorCh00,NOR,RB,23,6,2,0,0,0,0,0,79,374,4.73,1,1,0,0,,0,43,46.4,43.4,,67,
245,Devin Hester\HestDe99,CHI,WR,29,16,8,0,0,0,0,0,1,-6,-6,0,56,26,369,14.19,1,42,86.8,68.3,,99,
246,Charles Clay\ClayCh00,MIA,TE,22,14,9,0,0,0,0,0,0,0,,0,25,16,233,14.56,3,41,60.3,49.3,,37,
247,Emmanuel Sanders\SandEm00,PIT,WR,24,11,0,1,1,15,0,0,0,0,,0,43,22,288,13.09,2,41,66.4,52.4,,100,
248,Chaz Schilens\SchiCh00,OAK,WR,26,15,5,0,0,0,0,0,0,0,,0,34,23,271,11.78,2,41,65.1,50.6,,101,
249,Vince Young\YounVi00,PHI,QB,28,6,3,66,114,866,4,9,18,79,4.39,0,0,0,0,,0,41,51.5,47.5,,43,
250,Kregg Lumpkin\LumpKr00,TAM,RB,27,16,0,0,0,0,0,0,31,105,3.39,0,53,41,291,7.1,0,40,86.6,60.1,,70,
251,Evan Royster\RoysEv00,WAS,RB,24,6,2,0,0,0,0,0,56,328,5.86,0,14,10,76,7.6,0,40,53.4,45.4,,69,
252,Jason Snelling\SnelJa00,ATL,RB,28,15,0,0,0,0,0,0,44,151,3.43,0,32,26,179,6.88,1,39,71,52,,72,
253,Danny Ware\WareDa00,NYG,RB,26,16,1,0,0,0,0,0,46,163,3.54,0,37,27,170,6.3,0,39,70.3,50.8,,71,
254,Montario Hardesty\HardMo00,CLE,RB,24,10,4,0,0,0,0,0,88,266,3.02,0,21,14,122,8.71,0,39,58.3,44.8,,73,
255,Delanie Walker\WalkHu00,SFO,TE,27,15,7,0,0,0,0,0,3,5,1.67,0,35,19,198,10.42,3,38,59.8,46.8,,38,
256,Riley Cooper\CoopRi00,PHI,WR,24,16,3,0,0,0,0,0,0,0,,0,35,16,315,19.69,1,38,56.5,45.5,,102,
257,Keiland Williams\WillKe03,DET,RB,25,15,0,0,0,0,0,0,58,195,3.36,2,8,8,62,7.75,0,38,47.7,39.7,,74,
258,Kellen Clemens\ClemKe00,STL,QB,28,3,3,48,91,546,2,1,6,37,6.17,1,1,0,0,,0,38,40.5,36.5,,44,
259,Jacoby Ford\FordJa01,OAK,WR,24,8,3,0,0,0,0,0,4,31,7.75,0,33,19,279,14.68,1,37,63.5,49.5,,103,
260,Louis Murphy\MurpLo00,OAK,WR,24,11,1,0,0,0,0,0,6,69,11.5,1,33,15,241,16.07,0,37,55,44.5,,104,
261,Earnest Graham\GrahEa00,TAM,RB,31,7,2,0,0,0,0,0,37,206,5.57,0,31,26,163,6.27,0,37,68.4,48.9,,75,
262,Jerricho Cotchery\CotcJe00,PIT,WR,29,13,0,0,0,0,0,0,1,3,3,0,30,16,237,14.81,2,36,55,44,,105,
263,Knowshon Moreno\MoreKn00,DEN,RB,24,7,2,0,0,0,0,0,37,179,4.84,0,15,11,101,9.18,1,36,50.5,38.5,,76,
264,Leon Washington\WashLe00,SEA,RB,29,16,1,0,0,0,0,0,53,248,4.68,1,14,10,48,4.8,0,36,47.6,38.6,,77,
265,Seneca Wallace\WallSe00,CLE,QB,31,6,3,55,107,567,2,2,7,70,10,0,1,1,21,21,0,36,41.3,37.3,,45,
266,Jarett Dillard\DillJa00,JAX,WR,26,14,5,0,0,0,0,0,0,0,,0,50,29,292,10.07,1,35,66.7,48.7,,106,
267,Todd Heap\HeapTo00,ARI,TE,31,10,4,0,0,0,0,0,0,0,,0,36,24,283,11.79,1,34,61.3,46.3,,40,
268,Chad Johnson\JohnCh01,NWE,WR,33,15,3,0,0,0,0,0,0,0,,0,32,15,276,18.4,1,34,51.6,41.1,,107,
269,Lance Kendricks\KendLa00,STL,TE,23,15,10,0,0,0,0,0,1,-8,-8,0,58,28,352,12.57,0,34,64.9,47.4,,39,
270,Tashard Choice\ChoiTa00,3TM,RB,27,13,1,0,0,0,0,0,57,152,2.67,1,30,19,124,6.53,0,34,55.6,37.1,,78,
271,Jordan Norwood\NorwJo00,CLE,WR,25,14,4,0,0,0,0,0,0,0,,0,34,23,268,11.65,1,33,58.3,43.3,,108,
272,Matt Willis\WillMa00,DEN,WR,27,16,0,0,0,0,0,0,0,0,,0,36,18,267,14.83,1,33,52.7,39.7,,109,
273,James Casey\CaseJa00,HOU,RB,27,14,7,0,0,0,0,0,1,11,11,0,24,18,260,14.44,1,33,54.1,42.1,,80,
274,Justin Forsett\ForsJu00,SEA,RB,26,16,0,0,0,0,0,0,46,145,3.15,1,34,23,128,5.57,0,33,62.3,44.8,,79,
275,Naaman Roosevelt\RoosNa00,BUF,WR,24,10,0,0,0,0,0,0,0,0,,0,26,16,257,16.06,1,32,50.7,39.7,,110,
276,Mewelde Moore\MoorMe00,PIT,RB,29,12,0,0,0,0,0,0,22,157,7.14,0,14,11,104,9.45,1,32,48.1,35.6,,81,
277,Jonathan Baldwin\BaldJo00,KAN,WR,22,11,3,0,0,0,0,0,0,0,,0,52,21,254,12.1,1,31,55.4,41.9,,111,
278,Derek Hagan\HagaDe00,2TM,WR,27,10,3,0,0,0,0,0,0,0,,0,42,24,252,10.5,1,31,58.2,43.2,,112,
279,Patrick Crayton\CrayPa00,SDG,WR,32,14,1,0,0,0,0,0,0,0,,0,34,23,248,10.78,1,31,55.8,40.3,,113,
280,Leonard Pope\PopeLe00,KAN,TE,28,16,10,0,0,0,0,0,0,0,,0,34,24,247,10.29,1,31,57.7,42.7,,41,
281,Mike Williams\WillMi03,SEA,WR,27,12,10,0,0,0,0,0,0,0,,0,38,18,236,13.11,1,30,50.6,38.6,,114,
282,Brian Leonard\LeonBr00,CIN,RB,27,13,0,0,0,0,0,0,17,85,5,0,31,22,210,9.55,0,30,54.5,40.5,,82,
283,Jed Collins\CollJe01,NOR,RB,25,16,11,0,0,0,0,0,4,4,1,2,14,11,50,4.55,2,29,40.4,34.9,,83,
284,Donald Jones\JoneDo00,BUF,WR,24,8,7,0,0,0,0,0,1,2,2,0,46,23,231,10.04,1,29,55.3,40.8,,115,
285,Andrew Hawkins\HawkAn00,CIN,WR,25,13,0,0,0,0,0,0,5,25,5,0,34,23,263,11.43,0,29,54.8,40.3,,117,
286,Ted Ginn\GinnTe00,SFO,WR,26,14,3,0,0,0,0,0,8,68,8.5,0,33,19,220,11.58,0,29,62.8,50.3,,116,
287,Chastin West\WestCh00,JAX,WR,24,12,1,0,0,0,0,0,0,0,,0,27,13,163,12.54,2,28,44.3,34.8,,118,
288,Josh Morgan\MorgJo00,SFO,WR,26,5,5,0,0,0,0,0,0,0,,0,20,15,220,14.67,1,28,46,35.5,,119,
289,Ryan Torain\ToraRy00,WAS,RB,25,8,4,0,0,0,0,0,59,200,3.39,1,9,6,23,3.83,0,28,36.8,30.3,,84,
290,Caleb Hanie\HaniCa00,CHI,QB,26,6,4,51,102,613,3,9,13,98,7.54,0,0,0,0,,0,28,39.8,36.3,,46,
291,Randy McMichael\McMiRa01,SDG,TE,32,16,14,0,0,0,0,0,0,0,,0,44,30,271,9.03,0,27,60.1,42.1,,42,
292,Greg Salas\SalaGr00,STL,WR,23,6,0,0,0,0,0,0,1,8,8,0,38,27,264,9.78,0,27,55.7,37.7,,120,
293,Joe McKnight\McKnJo00,NYJ,RB,23,15,0,0,0,0,0,0,43,134,3.12,0,18,13,139,10.69,0,27,50.8,36.8,,86,
294,Derrick Ward\WardDe01,HOU,RB,31,12,1,0,0,0,0,0,45,154,3.42,2,1,0,0,,0,27,30.4,27.4,,85,
295,Tyler Palko\PalkTy00,KAN,QB,28,6,4,80,134,796,2,7,5,15,3,0,0,0,0,,0,27,36.8,33.3,,47,
296,Eddie Royal\RoyaEd00,DEN,WR,25,12,8,0,0,0,0,0,7,48,6.86,0,50,19,155,8.16,1,26,54.3,41.8,,121,
297,Le'Ron McClain\McClLe00,KAN,RB,27,16,10,0,0,0,0,0,15,51,3.4,1,22,14,82,5.86,1,25,39.3,32.3,,87,
298,Austin Pettis\PettAu00,STL,WR,23,12,3,0,0,0,0,0,1,-6,-6,0,48,27,256,9.48,0,25,54,36.5,,122,
299,Deji Karim\KariDe00,JAX,RB,25,12,0,0,0,0,0,0,63,130,2.06,0,19,14,120,8.57,0,25,44.5,31,,88,
300,Josh McCown\McCoJo01,CHI,QB,32,3,2,35,55,414,2,4,12,68,5.67,0,0,0,0,,0,25,31.4,27.4,,48,
301,Kerry Collins\CollKe00,IND,QB,39,3,3,48,98,481,2,1,2,-1,-0.5,0,0,0,0,,0,25,27.1,22.1,,49,
302,Anthony Armstrong\ArmsAn00,WAS,WR,28,14,2,0,0,0,0,0,2,19,9.5,0,27,7,103,14.71,2,24,34.2,27.7,,123,
303,Jacob Tamme\TammJa00,IND,TE,26,16,5,0,0,0,0,0,0,0,,0,31,19,177,9.32,1,24,45.7,33.2,,43,
304,Craig Stevens\StevCr00,TEN,TE,27,15,11,0,0,0,0,0,0,0,,0,14,9,166,18.44,1,23,34.6,27.1,,45,
305,Zach Miller\MillZa01,SEA,TE,26,15,15,0,0,0,0,0,0,0,,0,44,25,233,9.32,0,23,51.3,35.8,,44,
306,Darrel Young\YounDa01,WAS,RB,24,13,8,0,0,0,0,0,6,33,5.5,1,19,14,138,9.86,0,23,40.1,30.1,,89,
307,Chester Taylor\TaylCh01,ARI,RB,32,12,1,0,0,0,0,0,20,77,3.85,1,24,14,91,6.5,0,23,36.8,29.8,,90,
308,Clay Harbor\HarbCl00,PHI,TE,24,16,3,0,0,0,0,0,0,0,,0,19,13,163,12.54,1,22,38.3,28.8,,46,
309,Curtis Brinkley\BrinCu00,SDG,RB,26,10,1,0,0,0,0,0,30,101,3.37,1,9,7,41,5.86,0,22,32.2,25.7,,91,
310,A.J. Feeley\FeelA.00,STL,QB,34,5,3,53,97,548,1,2,3,4,1.33,0,0,0,0,,0,22,25.8,21.3,,50,
311,T.J. Houshmandzadeh\HousTJ00,OAK,WR,34,9,0,0,0,0,0,0,0,0,,0,19,11,146,13.27,1,21,34.6,26.1,,124,
312,Anthony Dixon\DixoAn00,SFO,RB,24,16,0,0,0,0,0,0,29,87,3,2,1,1,6,6,0,21,22.3,21.8,,92,
313,Jacob Hester\HestJa00,SDG,RB,26,16,3,0,0,0,0,0,28,90,3.21,0,18,12,48,4,1,20,30.8,23.8,,93,
314,Ronnie Brown\BrowRo05,PHI,RB,30,16,2,0,0,0,0,0,42,136,3.24,1,2,0,0,,0,20,22.1,18.6,,94,
315,Alex Smith\SmitAl02,CLE,TE,29,14,4,0,0,0,0,0,0,0,,0,25,14,131,9.36,1,19,36.1,26.1,,47,
316,Steve Smith\SmitSt02,PHI,WR,26,9,1,0,0,0,0,0,0,0,,0,20,11,124,11.27,1,18,31.9,22.9,,125,
317,Braylon Edwards\EdwaBr00,SFO,WR,28,9,5,0,0,0,0,0,0,0,,0,34,15,181,12.07,0,18,36.1,25.6,,127,
318,Leonard Hankerson\HankLe00,WAS,WR,22,4,2,0,0,0,0,0,0,0,,0,20,13,163,12.54,0,18,34.3,24.8,,126,
319,Alfonso Smith\SmitAl22,ARI,RB,24,15,0,0,0,0,0,0,30,102,3.4,1,5,3,21,7,0,18,24.3,19.8,,95,
320,Matt Spaeth\SpaeMa00,CHI,TE,28,15,8,0,0,0,0,0,0,0,,0,11,7,50,7.14,2,17,24,20.5,,48,
321,Ricardo Lockette\LockRi00,SEA,WR,25,2,0,0,0,0,0,0,0,0,,0,4,2,105,52.5,1,17,21.5,17.5,,131,
322,Derrick Mason\MasoDe00,2TM,WR,37,12,2,0,0,0,0,0,0,0,,0,35,19,170,8.95,0,17,39,26.5,,128,
323,Jesse Holley\HollJe00,DAL,WR,27,16,0,0,0,0,0,0,0,0,,0,7,7,169,24.14,0,17,26.9,20.4,,129,
324,Kevin Ogletree\OgleKe00,DAL,WR,24,14,1,0,0,0,0,0,2,3,1.5,0,26,15,164,10.93,0,17,34.2,23.2,,130,
325,Josh Johnson\JohnJo05,TAM,QB,25,9,1,19,36,246,1,2,11,67,6.09,0,2,0,0,,0,17,18,17.5,,51,
326,John Phillips\PhilJo00,DAL,RB,24,16,7,0,0,0,0,0,0,0,,0,18,15,101,6.73,1,16,34.1,23.6,,96,
327,Patrick Turner\TurnPa00,NYJ,WR,24,15,1,0,0,0,0,0,0,0,,0,15,8,96,12,1,16,23.6,19.6,,132,
328,Phillip Tanner\TannPh00,DAL,RB,23,9,0,0,0,0,0,0,22,76,3.45,1,2,2,19,9.5,0,16,17.5,16.5,,98,
329,Dion Lewis\LewiDi00,PHI,RB,21,15,0,0,0,0,0,0,23,102,4.43,1,1,1,-3,-3,0,16,19.4,15.4,,97,
330,Ovie Mughelli\MughOv00,ATL,RB,31,7,5,0,0,0,0,0,2,1,0.5,0,8,4,25,6.25,2,15,18.6,16.6,,104,
331,Travis Beckum\BeckTr00,NYG,TE,24,13,0,0,0,0,0,0,0,0,,0,10,5,93,18.6,1,15,20.3,17.8,,49,
332,David Johnson\JohnDa05,PIT,RB,24,16,16,0,0,0,0,0,0,0,,0,14,12,91,7.58,1,15,27.1,21.1,,100,
333,Bryant Johnson\JohnBr02,HOU,WR,30,16,0,0,0,0,0,0,1,1,1,0,12,6,90,15,1,15,21.1,18.1,,133,
334,Bruce Miller\MillBr02,SFO,RB,24,15,8,0,0,0,0,0,4,8,2,0,15,11,83,7.55,1,15,25.6,19.6,,101,
335,Jamaal Charles\CharJa00,KAN,RB,25,2,1,0,0,0,0,0,12,83,6.92,0,6,5,9,1.8,1,15,19.7,16.7,,99,
336,Brandon Myers\MyerBr00,OAK,TE,26,16,7,0,0,0,0,0,0,0,,0,27,16,151,9.44,0,15,34.1,23.1,,50,
337,Mike Sims-Walker\WalkMi01,2TM,WR,27,6,4,0,0,0,0,0,0,0,,0,33,12,150,12.5,0,15,30,21,,134,
338,Anthony McCoy\McCoAn00,SEA,TE,24,16,9,0,0,0,0,0,0,0,,0,24,13,146,11.23,0,15,30.6,21.1,,51,
339,Lex Hilliard\HillLe00,MIA,RB,27,16,4,0,0,0,0,0,16,41,2.56,1,7,5,49,9.8,0,15,20,17.5,,102,
340,Steve Slaton\SlatSt00,2TM,RB,25,6,0,0,0,0,0,0,24,84,3.5,1,4,3,3,1,0,15,17.7,16.2,,103,
341,Charlie Whitehurst\WhitCh02,SEA,QB,29,3,2,27,56,298,1,1,4,13,3.25,0,0,0,0,,0,15,15.2,14.2,,52,
342,David Anderson\AndeDa01,2TM,WR,28,6,0,0,0,0,0,0,0,0,,0,16,7,79,11.29,1,14,20.9,17.4,,136,
343,Michael Robinson*\RobiMi00,SEA,WR,28,14,4,0,0,0,0,0,4,7,1.75,0,14,9,74,8.22,1,14,22.6,17.6,,135,
344,Martellus Bennett\BennMa00,DAL,TE,24,14,7,0,0,0,0,0,0,0,,0,26,17,144,8.47,0,14,34.4,22.9,,52,
345,Logan Paulsen\PaulLo00,WAS,TE,24,16,6,0,0,0,0,0,0,0,,0,19,11,138,12.55,0,14,27.8,19.3,,53,
346,Terrence Austin\AustTe00,WAS,WR,23,13,0,0,0,0,0,0,0,0,,0,26,12,137,11.42,0,14,28.2,18.7,,137,
347,Bear Pascoe\PascBe00,NYG,TE,25,16,11,0,0,0,0,0,0,0,,0,16,12,136,11.33,0,14,28.6,19.6,,54,
348,Brandon Saine\SainBr00,GNB,RB,23,8,0,0,0,0,0,0,18,69,3.83,0,12,10,69,6.9,0,14,23.8,18.8,,106,
349,Jeremiah Johnson\JohnJe01,DEN,RB,24,8,0,0,0,0,0,0,14,77,5.5,0,9,7,62,8.86,0,14,20.9,17.4,,105,
350,Jamie Harper\HarpJa01,TEN,RB,22,13,0,0,0,0,0,0,17,44,2.59,1,6,4,32,8,0,14,17.1,14.6,,107,
351,Stephen McGee\McGeSt00,DAL,QB,26,1,0,24,38,182,1,0,4,28,7,0,0,0,0,,0,14,14.1,14.1,,54,
352,Jake Delhomme\DelhJa00,HOU,QB,36,1,0,18,28,211,1,0,0,0,,0,0,0,0,,0,14,11.9,11.4,,53,
353,Michael Palmer\PalmMi00,ATL,TE,23,16,2,0,0,0,0,0,0,0,,0,16,10,72,7.2,1,13,23.2,18.2,,56,
354,Rob Housler\HousRo01,ARI,TE,23,12,2,0,0,0,0,0,0,0,,0,26,12,133,11.08,0,13,27.8,18.3,,55,
355,Lorenzo Booker\BookLo00,MIN,RB,27,15,0,0,0,0,0,0,13,52,4,0,14,8,82,10.25,0,13,19.9,14.4,,108,
356,Mossis Madu\MaduMo00,TAM,RB,24,9,0,0,0,0,0,0,15,55,3.67,0,12,10,72,7.2,0,13,22.7,17.7,,110,
357,Jonathan Dwyer\DwyeJo00,PIT,RB,22,7,0,0,0,0,0,0,16,123,7.69,0,1,1,6,6,0,13,16.9,13.4,,109,
358,Greg Camarillo\CamaGr00,MIN,WR,29,13,0,0,0,0,0,0,0,0,,0,24,9,121,13.44,0,12,24.1,16.6,,138,
359,Dante Rosario\RosaDa00,2TM,TE,27,16,3,0,0,0,0,0,0,0,,0,11,7,117,16.71,0,12,21.7,15.2,,57,
360,Donald Lee\LeexDo00,CIN,TE,31,9,4,0,0,0,0,0,0,0,,0,13,11,115,10.45,0,12,25.5,17,,58,
361,Spencer Larsen\LarsSp99,DEN,RB,27,16,6,0,0,0,0,0,14,44,3.14,0,9,9,76,8.44,0,12,21,16.5,,111,
362,Shane Vereen\VereSh00,NWE,RB,22,5,0,0,0,0,0,0,15,57,3.8,1,0,0,0,,0,12,11.7,11.7,,112,
363,Domenik Hixon\HixoDo00,NYG,WR,27,2,0,0,0,0,0,0,0,0,,0,6,4,50,12.5,1,11,15,13,,140,
364,Donnie Avery\AverDo00,TEN,WR,27,8,0,0,0,0,0,0,0,0,,0,11,3,45,15,1,11,13.5,12,,142,
365,Terrance Copper\CoppTe00,KAN,WR,29,16,2,0,0,0,0,0,0,0,,0,12,8,114,14.25,0,11,22.4,15.4,,139,
366,Sam Hurd\HurdSa00,CHI,WR,26,12,0,0,0,0,0,0,0,0,,0,15,8,109,13.63,0,11,21.4,13.9,,141,
367,Sammy Morris\MorrSa00,DAL,RB,34,3,0,0,0,0,0,0,28,98,3.5,0,7,5,13,2.6,0,11,16.1,13.6,,114,
368,John Conner\ConnJo00,NYJ,RB,24,16,8,0,0,0,0,0,13,44,3.38,1,5,2,9,4.5,0,11,13.3,12.3,,113,
369,Colin Cochart\CochCo00,CIN,TE,24,10,3,0,0,0,0,0,0,0,,0,9,5,44,8.8,1,10,15.4,12.9,,59,
370,Zach Miller\MillZa02,JAX,TE,27,4,0,0,0,0,0,0,0,0,,0,7,4,42,10.5,1,10,14.2,12.2,,60,
371,Tom Crabtree\CrabTo00,GNB,TE,26,16,9,0,0,0,0,0,0,0,,0,8,6,38,6.33,1,10,15.8,12.8,,61,
372,Jerheme Urban\UrbaJe00,KAN,WR,31,6,1,0,0,0,0,0,1,7,7,0,13,4,35,8.75,1,10,14.2,12.2,,143,
373,Vonta Leach*+\LeacVo00,BAL,RB,30,16,16,0,0,0,0,0,12,35,2.92,0,27,15,69,4.6,0,10,25.4,17.9,,115,
374,Taiwan Jones\JoneTa00,OAK,RB,23,10,0,0,0,0,0,0,16,73,4.56,0,3,2,25,12.5,0,10,11.8,10.8,,117,
375,John Clay\ClayJo00,PIT,RB,23,2,0,0,0,0,0,0,10,41,4.1,1,0,0,0,,0,10,10.1,10.1,,116,
376,Cecil Shorts\ShorCe00,JAX,WR,24,10,0,0,0,0,0,0,0,0,,0,12,2,30,15,1,9,11,10,,148,
377,Weslye Saunders\SaunWe00,PIT,TE,22,16,6,0,0,0,0,0,0,0,,0,8,4,29,7.25,1,9,12.9,10.9,,63,
378,Josh Baker\BakeJo01,NYJ,RB,25,11,0,0,0,0,0,0,0,0,,0,4,3,27,9,1,9,11.7,10.2,,119,
379,Daniel Graham\GrahDa00,TEN,TE,33,16,7,0,0,0,0,0,0,0,,0,5,2,25,12.5,1,9,10.5,9.5,,64,
380,Chad Hall\HallCh00,PHI,WR,25,7,0,0,0,0,0,0,3,13,4.33,0,9,3,20,6.67,1,9,12.3,10.8,,145,
381,Ramses Barden\BardRa00,NYG,WR,25,8,0,0,0,0,0,0,0,0,,0,19,9,94,10.44,0,9,18.4,13.9,,144,
382,Luke Stocker\StocLu00,TAM,TE,23,14,9,0,0,0,0,0,0,0,,0,17,12,92,7.67,0,9,21.2,15.2,,62,
383,Bernard Berrian\BerrBe00,MIN,WR,31,5,1,0,0,0,0,0,0,0,,0,23,7,91,13,0,9,16.1,12.6,,146,
384,Eric Weems\WeemEr00,ATL,WR,26,16,2,0,0,0,0,0,0,0,,0,14,11,90,8.18,0,9,20,14.5,,147,
385,Keary Colbert\ColbKe00,KAN,WR,29,7,0,0,0,0,0,0,0,0,,0,12,9,89,9.89,0,9,17.4,12.4,,149,
386,Kevin Faulk\FaulKe00,NWE,RB,35,7,3,0,0,0,0,0,17,57,3.35,0,9,7,34,4.86,0,9,16.1,12.6,,118,
387,Greg Jones\JoneGr01,JAX,RB,30,16,9,0,0,0,0,0,2,7,3.5,1,9,4,19,4.75,0,9,12.6,10.6,,120,
388,Richie Brockel\BrocRi00,CAR,RB,25,11,2,0,0,0,0,0,3,12,4,1,3,3,13,4.33,0,9,11.5,10,,121,
389,John Gilmore\GilmJo00,NOR,TE,32,14,4,0,0,0,0,0,0,0,,0,6,3,20,6.67,1,8,11,9.5,,66,
390,Henry Hynoski\HynoHe01,NYG,RB,23,11,4,0,0,0,0,0,0,0,,0,16,12,83,6.92,0,8,20.3,14.3,,122,
391,Michael Hoomanawanui\HoomMi00,STL,TE,23,8,8,0,0,0,0,0,0,0,,0,13,7,83,11.86,0,8,15.3,11.8,,65,
392,Ruvell Martin\MartRu00,BUF,WR,29,14,0,0,0,0,0,0,0,0,,0,16,7,82,11.71,0,8,15.2,11.7,,150,
393,Cameron Morrah\MorrCa00,SEA,TE,24,9,4,0,0,0,0,0,1,1,1,0,13,6,74,12.33,0,8,13.5,10.5,,67,
394,Anthony Sherman\SherAn00,ARI,RB,23,15,7,0,0,0,0,0,1,3,3,0,9,8,72,9,0,8,15.5,11.5,,123,
395,Lee Evans\EvanLe00,BAL,WR,30,9,2,0,0,0,0,0,0,0,,0,26,4,74,18.5,0,7,11.4,9.4,,151,
396,Billy Bajema\BajeBi00,STL,TE,29,16,12,0,0,0,0,0,0,0,,0,14,9,71,7.89,0,7,16.1,11.6,,68,
397,Chris Cooley\CoolCh00,WAS,TE,29,5,5,0,0,0,0,0,2,3,1.5,0,13,8,65,8.13,0,7,14.8,10.8,,69,
398,Ahmard Hall\HallAh00,TEN,RB,32,12,7,0,0,0,0,0,6,24,4,0,14,9,46,5.11,0,7,15.5,10.5,,124,
399,Rock Cartwright\CartRo01,OAK,RB,32,15,0,0,0,0,0,0,4,45,11.25,0,6,4,24,6,0,7,10.9,8.9,,125,
400,Brandon Banks\BankBr00,WAS,WR,24,16,0,1,1,49,1,0,1,1,1,0,1,1,10,10,0,7,4.6,0.6,,152,
401,DuJuan Harris\HarrDu01,JAX,RB,23,5,0,0,0,0,0,0,9,42,4.67,0,2,1,4,4,0,7,5.6,5.1,,126,
402,Ryan Taylor\TaylRy00,GNB,TE,24,15,0,0,0,0,0,0,0,0,,0,1,1,4,4,1,6,7.4,6.9,,70,
403,Rashied Davis\DaviRa00,DET,WR,32,11,0,0,0,0,0,0,0,0,,0,5,4,63,15.75,0,6,10.3,8.3,,153,
404,Matthew Mulligan\MullMa00,NYJ,WR,26,16,9,0,0,0,0,0,0,0,,0,9,5,58,11.6,0,6,10.8,8.3,,154,
405,Colin Cloherty\ClohCo00,JAX,TE,24,4,1,0,0,0,0,0,0,0,,0,8,4,57,14.25,0,6,15.7,13.7,,71,
406,Brit Miller\MillBr01,STL,RB,25,12,1,0,0,0,0,0,5,14,2.8,0,3,3,41,13.67,0,6,8.5,7,,127,
407,Luke McCown\McCoLu00,JAX,QB,30,4,2,30,56,296,0,4,7,23,3.29,0,0,0,0,,0,6,9.1,8.1,,58,
408,Richard Bartel\BartRi00,ARI,QB,28,2,0,10,22,86,1,1,1,9,9,0,0,0,0,,0,6,7.3,7.3,,56,
409,Bruce Gradkowski\GradBr00,CIN,QB,28,2,0,8,18,109,1,1,3,1,0.33,0,0,0,0,,0,6,7.5,7.5,,55,
410,Matt Leinart\LeinMa00,HOU,QB,28,2,1,10,13,57,1,0,1,-1,-1,0,0,0,0,,0,6,6.2,6.2,,57,
411,Charlie Batch\BatcCh00,PIT,QB,37,4,1,15,24,208,0,1,3,-2,-0.67,0,0,0,0,,0,6,7.1,7.1,,59,
412,Erik Lorig\LoriEr99,TAM,RB,25,16,7,0,0,0,0,0,0,0,,0,9,6,53,8.83,0,5,11.3,8.3,,128,
413,Jake O'Connell\OConJa00,KAN,TE,26,8,4,0,0,0,0,0,0,0,,0,12,7,52,7.43,0,5,12.2,8.7,,72,
414,Sammie Stroughter\StroSa00,TAM,WR,25,6,0,0,0,0,0,0,0,0,,0,7,4,52,13,0,5,8.7,6.2,,155,
415,Deon Butler\ButlDe00,SEA,WR,25,5,0,0,0,0,0,0,0,0,,0,7,6,51,8.5,0,5,11.1,8.1,,156,
416,Zach Potter\PottZa99,JAX,TE,25,15,7,0,0,0,0,0,0,0,,0,7,5,50,10,0,5,10,7.5,,73,
417,Tyler Clutts\ClutTy00,CHI,WR,27,16,8,0,0,0,0,0,0,0,,0,10,8,48,6,0,5,12.3,7.8,,158,
418,LaQuan Williams\WillLa01,BAL,WR,23,12,0,0,0,0,0,0,0,0,,0,12,4,46,11.5,0,5,7.6,4.6,,160,
419,Matt Slater*\SlatMa00,NWE,WR,26,16,3,0,0,0,0,0,0,0,,0,3,1,46,46,0,5,5.1,4.1,,159,
420,Brody Eldridge\EldrBr00,IND,TE,24,13,8,0,0,0,0,0,0,0,,0,10,9,45,5,0,5,13.5,9,,74,
421,Danny Amendola\AmenDa00,STL,WR,26,1,1,0,0,0,0,0,0,0,,0,6,5,45,9,0,5,9,6,,161,
422,Jerome Felton\FeltJe00,2TM,RB,25,14,3,0,0,0,0,0,3,10,3.33,0,7,4,40,10,0,5,9,7,,129,
423,Stefan Logan\LogaSt00,DET,WR,30,16,1,0,0,0,0,0,9,32,3.56,0,1,1,19,19,0,5,3.1,-0.4,,157,
424,Armando Allen\AlleAr00,CHI,RB,22,2,0,0,0,0,0,0,15,48,3.2,0,1,0,0,,0,5,4.8,4.8,,130,
425,Chris Redman\RedmCh00,ATL,QB,34,5,0,18,28,188,0,1,5,-6,-1.2,0,0,0,0,,0,5,5.9,5.9,,60,
426,Will Heller\HellWi00,DET,TE,30,16,7,0,0,0,0,0,0,0,,0,12,6,42,7,0,4,10.2,7.2,,75,
427,Kassim Osgood\OsgoKa00,JAX,WR,31,12,2,0,0,0,0,0,0,0,,0,11,5,42,8.4,0,4,9.2,6.7,,162,
428,Mike Caussin\CausMi00,BUF,TE,24,6,2,0,0,0,0,0,0,0,,0,6,5,41,8.2,0,4,9.1,6.6,,76,
429,Zack Pianalto\PianZa00,TAM,TE,22,13,0,0,0,0,0,0,0,0,,0,5,4,40,10,0,4,8,6,,77,
430,Chansi Stuckey\StucCh20,ARI,WR,28,9,0,0,0,0,0,0,0,0,,0,8,4,39,9.75,0,4,7.4,4.9,,164,
431,Tony Fiammetta\FiamTo00,DAL,RB,25,10,6,0,0,0,0,0,4,4,1,0,5,3,39,13,0,4,7.3,5.8,,132,
432,Taylor Price\PricTa00,2TM,WR,24,5,0,0,0,0,0,0,0,0,,0,4,2,39,19.5,0,4,5.9,4.9,,165,
433,Stephen Burton\BurtSt00,MIN,WR,22,3,0,0,0,0,0,0,0,0,,0,3,2,38,19,0,4,5.8,4.8,,166,
434,Devin Thomas\ThomDe02,NYG,WR,25,16,0,0,0,0,0,0,0,0,,0,3,3,37,12.33,0,4,6.7,5.2,,167,
435,DeMarco Sampson\SampDe00,ARI,WR,26,12,0,0,0,0,0,0,0,0,,0,8,3,36,12,0,4,6.6,5.1,,168,
436,Andrew Quarless\QuarAn00,GNB,TE,23,10,2,0,0,0,0,0,0,0,,0,4,3,36,12,0,4,6.6,5.1,,78,
437,Jeff Cumberland\CumbJe00,NYJ,TE,24,3,0,0,0,0,0,0,0,0,,0,5,2,35,17.5,0,4,5.5,4.5,,79,
438,Julian Edelman\EdelJu00,NWE,WR,25,13,0,0,0,0,0,0,4,8,2,0,9,4,34,8.5,0,4,12.7,9.2,,163,
439,Owen Schmitt\SchmOw00,PHI,RB,26,16,5,0,0,0,0,0,4,6,1.5,0,7,3,32,10.67,0,4,6.8,5.3,,136,
440,Owen Marecic\MareOw00,CLE,RB,23,14,4,0,0,0,0,0,4,8,2,0,7,5,31,6.2,0,4,8.4,5.4,,135,
441,Jerome Harrison\HarrJe00,DET,RB,28,4,0,0,0,0,0,0,14,41,2.93,0,2,1,3,3,0,4,5.4,4.9,,131,
442,Montell Owens*\OwenMo01,JAX,RB,27,13,0,0,0,0,0,0,10,39,3.9,0,3,2,2,1,0,4,6.1,5.1,,134,
443,Jerious Norwood\NorwJe00,STL,RB,28,9,0,0,1,0,0,1,24,61,2.54,0,1,0,0,,0,4,5.1,5.1,,133,
444,Kyle Boller\BollKy00,OAK,QB,30,2,1,15,28,161,0,3,9,38,4.22,0,0,0,0,,0,4,5.7,4.2,,61,
445,Johnny White\WhitJo01,BUF,RB,23,12,0,0,0,0,0,0,12,38,3.17,0,4,1,-3,-3,0,4,4.5,4,,137,
446,Jordan Cameron\CameJo00,CLE,TE,23,8,2,0,0,0,0,0,0,0,,0,13,6,33,5.5,0,3,9.3,6.3,,80,
447,Kory Sperry\SperKo00,SDG,TE,26,16,4,0,0,0,0,0,0,0,,0,5,1,32,32,0,3,4.2,3.7,,81,
448,Carlton Mitchell\MitcCa00,CLE,WR,23,11,0,0,0,0,0,0,0,0,,0,4,3,31,10.33,0,3,6.1,4.6,,171,
449,Adrian Arrington\ArriAd00,NOR,WR,26,4,0,0,0,0,0,0,0,0,,0,3,2,31,15.5,0,3,5.1,4.1,,170,
450,Tiquan Underwood\UndeTi00,NWE,WR,24,6,0,0,0,0,0,0,0,0,,0,6,3,30,10,0,3,6,4.5,,173,
451,Kris Durham\DurhKr00,SEA,WR,23,3,0,0,0,0,0,0,0,0,,0,4,3,30,10,0,3,6,4.5,,172,
452,Quinn Johnson\JohnQu00,TEN,RB,25,4,1,0,0,0,0,0,0,0,,0,3,3,30,10,0,3,6,4.5,,138,
453,Lawrence Vickers\VickLa00,HOU,RB,28,14,1,0,0,0,0,0,1,0,0,0,8,4,29,7.25,0,3,6.9,4.9,,141,
454,Ryan Whalen\WhalRy00,CIN,WR,22,4,0,0,0,0,0,0,0,0,,0,5,4,27,6.75,0,3,6.7,4.7,,175,
455,Bryan Walters\WaltBr00,SDG,WR,24,4,0,0,0,0,0,0,0,0,,0,4,3,27,9,0,3,5.7,4.2,,176,
456,Kevin Brock\BrocKe00,BUF,TE,25,2,0,0,0,0,0,0,0,0,,0,2,2,27,13.5,0,3,4.7,3.7,,82,
457,Anthony Becht\BechAn00,KAN,TE,34,9,5,0,0,0,0,0,0,0,,0,4,3,26,8.67,0,3,5.6,4.1,,83,
458,Mark Clayton\ClayMa01,STL,WR,29,2,1,0,0,0,0,0,0,0,,0,4,3,26,8.67,0,3,5.6,4.1,,177,
459,Brian Robiskie\RobiBr00,CLE,WR,24,6,2,0,0,0,0,0,0,0,,0,9,3,25,8.33,0,3,5.5,4,,178,
460,Niles Paul\PaulNi00,WAS,WR,22,13,2,0,0,0,0,0,1,7,7,0,5,2,25,12.5,0,3,5.2,4.2,,169,
461,Jim Dray\DrayJi00,ARI,TE,25,10,0,0,0,0,0,0,0,0,,0,5,2,25,12.5,0,3,4.5,3.5,,84,
462,Marc Mariani\MariMa00,TEN,WR,24,16,0,0,0,0,0,0,1,4,4,0,12,5,24,4.8,0,3,13.3,10.3,,174,
463,Manase Tonga\TongMa00,OAK,RB,27,11,3,0,0,0,0,0,1,12,12,0,4,3,18,6,0,3,6,4.5,,139,
464,Da'Rel Scott\ScotDa01,NYG,RB,23,11,0,0,0,0,0,0,5,16,3.2,0,2,2,13,6.5,0,3,4.4,2.9,,140,
465,Bilal Powell\PoweBi00,NYJ,RB,23,2,0,0,0,0,0,0,13,21,1.62,0,1,1,7,7,0,3,3.3,2.3,,142,
466,J.P. Losman\LosmJ.00,MIA,QB,30,2,0,6,10,60,0,0,2,1,0.5,0,0,0,0,,0,3,2,1.5,,63,
467,Jon Kitna\KitnJo00,DAL,QB,39,3,0,6,10,87,1,2,3,-2,-0.67,0,0,0,0,,0,3,5.3,5.3,,62,
468,Virgil Green\GreeVi00,DEN,TE,23,15,3,0,0,0,0,0,0,0,,0,5,3,24,8,0,2,5.4,3.9,,86,
469,Garrett Graham\GrahGa00,HOU,TE,25,7,0,0,0,0,0,0,0,0,,0,2,1,24,24,0,2,3.4,2.9,,85,
470,Chris Pressley\PresCh00,CIN,RB,25,15,10,0,0,0,0,0,0,0,,0,5,3,19,6.33,0,2,4.9,3.4,,145,
471,Clyde Gates\GateCl00,MIA,WR,25,15,0,0,0,0,0,0,1,4,4,0,,2,19,9.5,0,2,4.3,3.3,,179,
472,Justin Peelle\PeelJu00,SFO,TE,32,14,2,0,0,0,0,0,0,0,,0,4,1,19,19,0,2,2.9,2.4,,87,
473,Eddie Williams\WillEd00,3TM,RB,24,13,7,0,0,0,0,0,2,2,1,0,1,1,17,17,0,2,2.9,2.4,,146,
474,David Thomas\ThomDa02,NOR,TE,28,5,2,0,0,0,0,0,0,0,,0,9,5,16,3.2,0,2,6.6,4.1,,88,
475,Roscoe Parrish\ParrRo00,BUF,WR,29,2,2,0,0,0,0,0,0,0,,0,4,1,16,16,0,2,2.6,2.1,,180,
476,Brett Swain\SwaiBr00,SFO,WR,26,5,1,0,0,0,0,0,0,0,,0,7,2,15,7.5,0,2,3.5,2.5,,182,
477,Mike Sellers\SellMi00,WAS,TE,36,12,0,0,0,0,0,0,0,0,,0,2,1,15,15,0,2,2.5,2,,89,
478,Brock Bolen\BoleBr00,JAX,RB,26,13,0,0,0,0,0,0,2,14,7,0,5,2,6,3,0,2,4,3,,144,
479,Alex Green\GreeAl00,GNB,RB,23,4,0,0,0,0,0,0,3,11,3.67,0,1,1,6,6,0,2,2.7,2.2,,147,
480,Thomas Clayton\ClayTh00,CLE,RB,27,3,0,0,0,0,0,0,8,12,1.5,0,1,1,3,3,0,2,2.5,2,,149,
481,David Reed\ReedDa00,BAL,WR,24,11,0,0,0,0,0,0,1,16,16,0,2,0,0,,0,2,0.1,-1.4,,181,
482,Cedric Peerman\PeerCe00,CIN,RB,25,15,0,0,0,0,0,0,3,15,5,0,1,0,0,,0,2,1.5,1.5,,148,
483,Josh Vaughan\VaugJo01,CAR,RB,25,7,0,0,0,0,0,0,7,24,3.43,0,0,0,0,,0,2,2.4,2.4,,143,
484,Jordan Shipley\ShipJo00,CIN,WR,26,2,0,0,0,0,0,0,0,0,,0,5,4,14,3.5,0,1,4.9,2.4,,183,
485,David Ausberry\AusbDa00,OAK,TE,24,12,1,0,0,0,0,0,1,-2,-2,0,2,2,14,7,0,1,3.2,2.2,,91,
486,Micheal Spurlock\SpurMi00,TAM,WR,28,12,0,0,1,0,0,0,0,0,,0,6,2,13,6.5,0,1,3.3,2.3,,184,
487,D.J. Williams\WillD.00,GNB,TE,23,13,0,0,0,0,0,0,0,0,,0,4,2,13,6.5,0,1,3.3,2.3,,90,
488,Chauncey Washington\WashCh00,DAL,RB,26,2,0,0,0,0,0,0,1,-1,-1,0,3,2,13,6.5,0,1,3.2,2.2,,152,
489,Reagan Maui'a\MauiRe00,ARI,RB,27,3,3,0,0,0,0,0,0,0,,0,1,1,12,12,0,1,2.2,1.7,,151,
490,Lee Smith\SmitLe00,BUF,TE,24,10,3,0,0,0,0,0,0,0,,0,4,4,11,2.75,0,1,5.1,3.1,,92,
491,Anthony Hill\HillAn00,IND,TE,26,7,2,0,0,0,0,0,0,0,,0,3,2,10,5,0,1,3,2,,93,
492,Emmanuel Arceneaux\ArceEm00,MIN,WR,24,3,0,0,0,0,0,0,0,0,,0,2,1,10,10,0,1,2,1.5,,185,
493,Aaron Brown\BrowAa00,DET,RB,26,1,0,0,0,0,0,0,1,0,0,0,1,1,9,9,0,1,1.9,1.4,,153,
494,Shaun Chapas\ChapSh00,DAL,RB,23,3,0,0,0,0,0,0,0,0,,0,1,1,9,9,0,1,1.9,1.4,,154,
495,Mike Cox\Cox_Mi20,ATL,TE,26,9,5,0,0,0,0,0,0,0,,0,3,2,8,4,0,1,2.3,0.8,,94,
496,Maurice Stovall\StovMa00,DET,WR,26,15,0,0,0,0,0,0,0,0,,0,3,1,8,8,0,1,1.8,1.3,,188,
497,Jeron Mastrud\MastJe20,MIA,TE,24,14,3,0,0,0,0,0,0,0,,0,2,1,8,8,0,1,1.8,1.3,,95,
498,Nick Miller\MillNi00,2TM,WR,24,8,0,0,0,0,0,0,0,0,,0,1,1,8,8,0,1,7.8,7.3,,187,
499,Ryan D'Imperio\DImpRy00,MIN,RB,24,12,1,0,0,0,0,0,0,0,,0,6,2,7,3.5,0,1,2.7,1.7,,156,
500,Brandon Stokley\StokBr00,NYG,WR,35,2,0,0,0,0,0,0,0,0,,0,3,1,7,7,0,1,1.7,1.2,,189,
501,Reggie Kelly\KellRe00,ATL,TE,34,16,2,0,0,0,0,0,0,0,,0,2,1,7,7,0,1,1.7,1.2,,96,
502,Julius Thomas\ThomJu00,DEN,TE,23,5,1,0,0,0,0,0,0,0,,0,7,1,5,5,0,1,1.5,1,,97,
503,Allen Reisner\ReisAl00,MIN,TE,23,6,0,0,0,0,0,0,0,0,,0,1,1,5,5,0,1,1.5,1,,98,
504,Ryan Mahaffey\MahaRy00,IND,RB,24,5,0,0,0,0,0,0,0,0,,0,1,1,5,5,0,1,1.5,1,,157,
505,Jeremy Horne\HornJe00,KAN,WR,25,9,0,0,0,0,0,0,1,5,5,0,2,0,0,,0,1,0.5,0.5,,191,
506,Allen Bradford\BradAl00,TAM,RB,23,1,0,0,0,0,0,0,5,13,2.6,0,0,0,0,,0,1,1.3,1.3,,150,
507,Anthony Allen\AlleAn01,BAL,RB,23,5,0,0,0,0,0,0,3,8,2.67,0,0,0,0,,0,1,0.8,0.8,,155,
508,George Wilson\WilsGe01,BUF,WR,30,13,13,0,0,0,0,0,1,6,6,0,0,0,0,,0,1,0.6,0.6,,190,
509,Armanti Edwards\EdwaAr00,CAR,WR,23,16,0,1,1,11,0,0,1,5,5,0,0,0,0,,0,1,0.9,0.9,,186,
510,Tyrod Taylor\TaylTy00,BAL,QB,22,3,0,1,1,18,0,0,1,2,2,0,0,0,0,,0,1,0.9,0.9,,67,
511,Mark Brunell\BrunMa00,NYJ,QB,41,16,0,1,3,27,0,0,0,0,,0,0,0,0,,0,1,1.1,1.1,,66,
512,Shaun Hill\HillSh00,DET,QB,31,2,0,2,3,33,0,0,1,-1,-1,0,0,0,0,,0,1,1.2,1.2,,64,
513,Colin Kaepernick\KaepCo00,SFO,QB,24,3,0,3,5,35,0,0,2,-2,-1,0,0,0,0,,0,1,1.2,1.2,,65,
514,Brian Hoyer\HoyeBr00,NWE,QB,26,3,0,1,1,22,0,0,4,-3,-0.75,0,0,0,0,,0,1,0.6,0.6,,69,
515,Chase Daniel\DaniCh00,NOR,QB,25,16,0,4,5,29,0,0,3,-3,-1,0,0,0,0,,0,1,0.9,0.9,,68,
516,Billy Volek\VoleBi00,SDG,QB,35,2,0,0,0,0,0,0,5,-5,-1,0,0,0,0,,0,-1,-0.5,-0.5,,76,
517,Jim Kleinsasser\KleiJi00,MIN,TE,34,16,11,0,0,0,0,0,0,0,,0,6,1,4,4,0,,1.4,0.9,,99,
518,Mike Goodson\GoodMi00,CAR,RB,24,4,0,0,0,0,0,0,0,0,,0,3,1,4,4,0,,1.4,0.9,,158,
519,Seyi Ajirotutu\AjirSe00,CAR,WR,24,14,0,0,0,0,0,0,0,0,,0,2,1,4,4,0,,1.4,0.9,,192,
520,Michael Higgins\HiggMi00,NOR,TE,24,2,0,0,0,0,0,0,0,0,,0,1,1,4,4,0,,1.4,0.9,,100,
521,Corey McIntyre\McInCo00,BUF,RB,32,16,1,0,0,0,0,0,0,0,,0,1,1,4,4,0,,1.4,0.9,,159,
522,Stephen Spach\SpacSt00,STL,TE,29,10,1,0,0,0,0,0,0,0,,0,3,2,2,1,0,,2.2,1.2,,101,
523,Richard Gordon\GordRi00,OAK,TE,24,14,1,0,0,0,0,0,0,0,,0,1,1,2,2,0,,1.2,0.7,,102,
524,Steve Maneri\ManeSt00,KAN,TE,23,6,1,0,0,0,0,0,0,0,,0,2,1,1,1,0,,1.1,0.6,,103,
525,Collin Franklin\FranCo00,TAM,,23,2,0,0,0,0,0,0,0,0,,0,2,0,0,,0,,,,,105,
526,Richard Goodman\GoodRi00,SDG,,24,16,0,0,0,0,0,0,0,0,,0,2,0,0,,0,,6,6,,211,
527,Tandon Doss\DossTa00,BAL,,22,6,0,0,0,0,0,0,0,0,,0,2,0,0,,0,,,,,203,
528,Jerrel Jernigan\JernJe00,NYG,,22,8,0,0,0,0,0,0,0,0,,0,2,0,0,,0,,,,,201,
529,Anthony Gonzalez\GonzAn00,IND,,27,8,0,0,0,0,0,0,0,0,,0,2,0,0,,0,,,,,202,
530,Armond Smith\SmitAr00,CLE,RB,25,3,0,0,0,0,0,0,3,2,0.67,0,1,0,0,,0,,0.2,0.2,,160,
531,Fendi Onobun\OnobFe00,JAX,,25,1,0,0,0,0,0,0,0,0,,0,1,0,0,,0,,,,,120,
532,Will Yeatman\YeatWi00,MIA,,23,3,2,0,0,0,0,0,0,0,,0,1,0,0,,0,,,,,110,
533,Martin Rucker\RuckMa00,2TM,,26,2,0,0,0,0,0,0,0,0,,0,1,0,0,,0,,,,,115,
534,Arnaz Battle\BattAr00,PIT,,31,10,0,0,0,0,0,0,0,0,,0,1,0,0,,0,,,,,213,
535,Kerry Meier\MeieKe00,ATL,,25,12,0,0,0,0,0,0,0,0,,0,1,0,0,,0,,,,,205,
536,Jeff Maehl\MaehJe00,HOU,,22,3,0,0,0,0,0,0,0,0,,0,1,0,0,,0,,,,,197,
537,Michael Clayton\ClayMi00,NYG,,29,5,0,0,0,0,0,0,0,0,,0,1,0,0,,0,,,,,204,
538,Joe Hastings\HastJo00,SFO,,24,1,0,0,0,0,0,0,0,0,,0,1,0,0,,0,,,,,195,
539,Jamar Newsome\NewsJa00,JAX,,24,2,0,0,0,0,0,0,0,0,,0,1,0,0,,0,,,,,193,
540,Tyler Thigpen\ThigTy00,BUF,QB,27,3,0,3,8,25,0,1,1,8,8,0,0,0,0,,0,,0.8,0.8,,75,
541,Larry Johnson\JohnLa00,MIA,RB,32,1,0,0,0,0,0,0,1,2,2,0,0,0,0,,0,,0.2,0.2,,161,
542,Marquis Johnson\JohnMa99,STL,,23,3,0,0,0,0,0,0,0,0,,0,0,0,0,,0,,,,,2,75
543,Korey Hall\HallKo99,NOR,,28,13,0,0,0,0,0,0,0,0,,0,0,0,0,,0,,,,,1,76
544,Kris Wilson\WilsKr00,BAL,,30,15,0,0,0,0,0,0,0,0,,0,0,0,0,,0,,,,,108,
545,Nate Solder\SoldNa00,NWE,,23,16,13,0,0,0,0,0,0,0,,0,0,0,0,,0,,,,,112,
546,Dan Gronkowski\GronDa00,2TM,,26,7,1,0,0,0,0,0,0,0,,0,0,0,0,,0,,,,,116,
547,Justin Snow\SnowJu00,IND,,35,16,0,0,0,0,0,0,0,0,,0,0,0,0,,0,,,,,119,
548,Mike Leach\LeacMi00,ARI,,35,16,0,0,0,0,0,0,0,0,,0,0,0,0,,0,,,,,114,
549,Ben Hartsock\HartBe00,CAR,,31,15,2,0,0,0,0,0,0,0,,0,0,0,0,,0,,,,,109,
550,Tom Brandstater\BranTo00,STL,QB,27,1,0,0,2,0,0,0,0,0,,0,0,0,0,,0,,,,,72,
551,Terrelle Pryor\PryoTe00,OAK,,22,1,0,0,0,0,0,0,0,0,,0,0,0,0,,0,,,,,71,
552,Mike Kafka\KafkMi00,PHI,QB,24,4,0,11,16,107,0,2,3,0,0,0,0,0,0,,0,,2.3,2.3,,70,
553,Julius Pruitt\PruiJu00,MIA,,26,9,0,0,0,0,0,0,0,0,,0,0,0,0,,0,,,,,199,
554,Dominique Byrd\ByrdDo00,2TM,,27,3,0,0,0,0,0,0,0,0,,0,0,0,0,,0,,,,,118,
555,Dominique Curry\CurrDo00,STL,,24,16,0,0,0,0,0,0,0,0,,0,0,0,0,,0,,,,,215,
556,Kamar Aiken\AikeKa00,BUF,,22,2,0,0,0,0,0,0,0,0,,0,0,0,0,,0,,,,,207,
557,Marlon Moore\MoorMa02,MIA,,24,6,0,0,0,0,0,0,0,0,,0,0,0,0,,0,,,,,209,
558,Courtney Roby\RobyCo00,NOR,,28,16,0,0,0,0,0,0,0,0,,0,0,0,0,,0,,-0.5,-1,,208,
559,Elbert Mack\MackEl20,TAM,,25,16,1,0,0,0,0,0,0,0,,0,0,0,0,,0,,,,,210,
560,Brandon Tate\TateBr00,CIN,,24,16,0,0,0,0,0,0,0,0,,0,0,0,0,,0,,4.5,3,,214,
561,Chris Gronkowski\GronCh00,IND,,25,7,0,0,0,0,0,0,0,0,,0,0,0,0,,0,,,,,164,
562,Lousaka Polite\PoliLo00,NWE,,30,1,0,0,0,0,0,0,0,0,,0,0,0,0,,0,,,,,162,
563,Antone Smith\SmitAn01,ATL,,26,12,0,0,0,0,0,0,0,0,,0,0,0,0,,0,,,,,167,
564,Derek Anderson\AndeDe00,CAR,QB,28,2,0,0,0,0,0,0,2,-2,-1,0,0,0,0,,0,,-0.2,-0.2,,74,
565,Moran Norris\NorrMo00,SFO,,33,5,2,0,0,0,0,0,0,0,,0,,0,0,,0,,,,,3,78
566,Joe Zelenka\ZeleJo00,ATL,,35,16,0,0,0,0,0,0,0,0,,0,,0,0,,0,,,,,106,
567,Clark Harris\HarrCl20,CIN,,27,16,0,0,0,0,0,0,0,0,,0,,0,0,,0,,,,,117,
568,Brian Jennings\JennBr00,SFO,,35,16,0,0,0,0,0,0,0,0,,0,,0,0,,0,,,,,107,
569,Jameson Konz\KonzJa00,SEA,,25,1,0,0,0,0,0,0,0,0,,0,,0,0,,0,,,,,104,
570,Rudy Carpenter\CarpRu00,TAM,,25,1,0,0,0,0,0,0,0,0,,0,,0,0,,0,,,,,73,
571,Max Komar\KomaMa00,CHI,,24,2,0,0,0,0,0,0,0,0,,0,,0,0,,0,,,,,196,
572,Kevin Cone\ConeKe00,ATL,,23,1,0,0,0,0,0,0,0,0,,0,,0,0,,0,,,,,200,
573,Richard Quinn\QuinRi00,WAS,,25,1,0,0,0,0,0,0,0,0,,0,,0,0,,0,,,,,111,
574,Roberto Wallace\WallRo01,MIA,,25,2,0,0,0,0,0,0,0,0,,0,,0,0,,0,,,,,194,
575,Darvin Adams\AdamDa00,CAR,,21,2,0,0,0,0,0,0,0,0,,0,,0,0,,0,,,,,206,
576,Jaymar Johnson\JohnJa01,ARI,,27,1,0,0,0,0,0,0,0,0,,0,,0,0,,0,,,,,198,
577,Rob Myers\MyerRo00,WAS,,25,1,0,0,0,0,0,0,0,0,,0,,0,0,,0,,,,,113,
578,Richard Medlin\MedlRi00,MIA,,24,1,0,0,0,0,0,0,0,0,,0,,0,0,,0,,,,,165,
579,Darren Evans\EvanDa00,IND,,23,2,0,0,0,0,0,0,0,0,,0,,0,0,,0,,,,,166,
580,Shaun Draughn\DrauSh00,KAN,,24,1,0,0,0,0,0,0,0,0,,0,,0,0,,0,,,,,163,
581,Stephen Williams\WillSt01,ARI,,25,2,0,0,0,0,0,0,0,0,,0,,0,0,,0,,,,,212,
